"p_val","avg_log2FC","pct.1","pct.2","p_val_adj","gene"
4.72767077033315e-18,4.62295549850364,0.12,0.006,1.05427058178429e-13,"GZMK"
1.14016210082508e-16,3.90839296771522,0.121,0.011,2.54256148483993e-12,"MAL"
1.25297384353285e-18,3.65153880783348,0.136,0.012,2.79413167107826e-14,"CD28"
1.98173942635048e-26,3.63967803323248,0.186,0.014,4.41927892076158e-22,"AQP3"
2.42169448295333e-126,3.53308117128058,0.72,0.15,5.40037869698593e-122,"LTB"
4.91626445775642e-15,3.29872004113216,0.114,0.012,1.09632697407968e-10,"CCR7"
7.30355748239167e-38,3.15422287785986,0.283,0.034,1.62869331857334e-33,"RCAN3"
6.51730169082848e-17,3.14004268656593,0.135,0.017,1.45335827705475e-12,"PASK"
7.79070302515445e-15,2.94353483206838,0.12,0.015,1.73732677460944e-10,"AC004520.1"
4.911049338475e-13,2.89216230267601,0.102,0.012,1.09516400247992e-08,"LEF1"
3.06555482792108e-16,2.74285671429322,0.148,0.026,6.83618726626402e-12,"DUSP4"
5.32425089059709e-23,2.67171669058286,0.19,0.026,1.18730794860315e-18,"TRAT1"
5.43978797350047e-22,2.6370621410947,0.199,0.035,1.21307271809061e-17,"GPR183"
3.16835867482883e-15,2.60124327449106,0.128,0.018,7.0654398448683e-11,"INPP4B"
4.0918961236884e-20,2.5156952728758,0.189,0.037,9.12492835582514e-16,"CD27"
6.50952572270085e-23,2.49453423407786,0.201,0.032,1.45162423616229e-18,"IRS2"
7.78817705100992e-62,2.32186508185585,0.519,0.121,1.73676348237521e-57,"IL7R"
8.49692674967903e-52,2.21090804140076,0.557,0.212,1.89481466517842e-47,"RGCC"
1.40941069828366e-13,2.19757954490637,0.129,0.024,3.14298585717255e-09,"SH3YL1"
1.54454991405941e-08,2.00360684530428,0.104,0.031,0.000344434630835249,"EGR1"
1.42354225009121e-13,1.97639340580863,0.168,0.049,3.17449921770339e-09,"Z93241.1"
9.63055978303783e-26,1.96498546906075,0.413,0.188,2.14761483161744e-21,"RGS1"
5.31265438771537e-12,1.94361263792491,0.134,0.034,1.18472192846053e-07,"P2RY10"
4.56647475226542e-17,1.9315437604575,0.188,0.044,1.01832386975519e-12,"CAMK4"
1.3468894860184e-40,1.87116469034016,0.472,0.156,3.00356355382104e-36,"COTL1"
1.17557032916084e-11,1.80786857358116,0.137,0.037,2.62152183402867e-07,"PHACTR2"
6.83557017838759e-12,1.80677666691602,0.148,0.043,1.52433214978043e-07,"PIM3"
5.50903074895424e-13,1.71167129705943,0.158,0.043,1.2285138570168e-08,"SYPL1"
1.66459403113135e-15,1.69054914414757,0.231,0.084,3.71204468942291e-11,"ID1"
1.74511777518571e-42,1.6288740318934,0.555,0.214,3.89161263866413e-38,"ZNF331"
2.62708169875597e-12,1.5941973031637,0.136,0.032,5.85839218822581e-08,"SERINC5"
2.39204400308618e-11,1.59395541519778,0.139,0.038,5.33425812688218e-07,"HPCAL1"
2.21167458554419e-12,1.57355734171837,0.146,0.038,4.93203432576354e-08,"ITPKB-IT1"
1.39000233685819e-19,1.55776956002098,0.275,0.09,3.09970521119377e-15,"SOCS3"
1.20225561846259e-14,1.53395518586894,0.263,0.11,2.68103002917157e-10,"LMNA"
3.93178457656702e-21,1.51381220940145,0.277,0.082,8.76787960574446e-17,"PLK3"
1.17233060265258e-08,1.49836508818874,0.102,0.027,0.000261429724391524,"ICOS"
2.15955550604879e-12,1.49322255080539,0.218,0.085,4.81580877848881e-08,"PMAIP1"
3.305789382489e-27,1.48462687582495,0.386,0.136,7.37191032295048e-23,"TCF7"
5.60121108378491e-13,1.48084170757801,0.183,0.058,1.24907007168404e-08,"PAG1"
6.09112843994677e-130,1.47626085567662,0.988,0.837,1.35832164210813e-125,"JUNB"
2.85936652137273e-12,1.46901293562228,0.2,0.075,6.37638734266119e-08,"AREG"
1.74125307411613e-18,1.41786830728056,0.31,0.121,3.88299435527898e-14,"AC016831.1"
4.44659070317487e-91,1.41309261542878,0.944,0.768,9.91589726807996e-87,"FOS"
6.46731413349877e-08,1.40463576460543,0.109,0.035,0.00144221105177023,"BTF3L4"
5.95869206912944e-42,1.39953291631013,0.719,0.402,1.32878833141586e-37,"DUSP2"
1.69194733954365e-10,1.38951189534641,0.161,0.056,3.77304256718235e-06,"SATB1"
1.88506392415538e-11,1.38909410264974,0.153,0.046,4.2036925508665e-07,"AC007608.4"
1.18064539513518e-11,1.36884286962239,0.172,0.056,2.63283923115146e-07,"AP3M2"
6.60991550104771e-12,1.36389558420135,0.17,0.055,1.47401115673364e-07,"RILPL2"
2.8552643579791e-22,1.36156805200077,0.358,0.136,6.36723951829339e-18,"RHOH"
8.27674944605987e-28,1.35361370860557,0.497,0.224,1.84571512647135e-23,"FOXP1"
3.04269258440579e-60,1.34748528790662,0.906,0.638,6.78520446322492e-56,"JUN"
1.39292038930493e-10,1.33018874470902,0.212,0.095,3.10621246814999e-06,"ARID5B"
1.49859268824627e-07,1.32914064836617,0.111,0.038,0.00334186169478919,"DUSP16"
2.45533046980438e-48,1.28586391514643,0.733,0.377,5.47538694766376e-44,"LEPROTL1"
5.24073535351536e-97,1.26480279648107,0.962,0.771,1.16868398383393e-92,"ZFP36L2"
1.7656138785849e-07,1.24410088549176,0.13,0.052,0.00393731894924433,"SOCS1"
1.36619991215094e-20,1.23317009526517,0.357,0.14,3.04662580409659e-16,"MCUB"
1.95653916556618e-20,1.22963394808199,0.387,0.166,4.36308233921259e-16,"CITED2"
1.86243317979333e-12,1.21409003930397,0.219,0.084,4.15322599093912e-08,"BIRC3"
1.06369918696158e-15,1.18669149946172,0.309,0.13,2.37204918692432e-11,"NOSIP"
6.58090813875727e-17,1.15443076199451,0.351,0.16,1.46754251494287e-12,"DNAJB9"
3.29832393863389e-19,1.13986028416322,0.398,0.183,7.35526238315358e-15,"SLC2A3"
1.56784119150152e-21,1.13608910510946,0.422,0.185,3.49628585704838e-17,"TMEM123"
1.10197832713119e-11,1.1164209954206,0.227,0.092,2.45741166950255e-07,"ALG13"
1.52376335494377e-09,1.11356261976713,0.175,0.069,3.39799228152461e-05,"GATA3"
1.09909976125396e-30,1.10903708963715,0.646,0.357,2.45099246759633e-26,"DNAJB1"
6.26043618085272e-14,1.10652857795323,0.277,0.118,1.39607726833016e-09,"LINC00513"
1.12173365701896e-07,1.10571018441347,0.124,0.046,0.00250146605515229,"HSPH1"
3.25338231232637e-08,1.08976182374577,0.179,0.082,0.00072550425564878,"KDM6B"
1.46069751779761e-11,1.0836715153114,0.229,0.096,3.25735546468868e-07,"AL121944.1"
1.54603262767027e-07,1.08237921944417,0.137,0.055,0.0034476527597047,"PRMT9"
1.446746590312e-07,1.0787274193746,0.178,0.085,0.00322624489639577,"AC109326.1"
4.90311737775386e-06,1.07846537160068,0.105,0.043,0.109339517523911,"LIMS1"
3.92192466313493e-14,1.07688878802691,0.292,0.125,8.74589199879089e-10,"CSRNP1"
1.1745942542875e-16,1.07135308230172,0.376,0.179,2.61934518706113e-12,"ARHGAP15"
1.18530294626045e-18,1.07038557373143,0.339,0.137,2.64322557016081e-14,"PLP2"
2.79971835482019e-06,1.04285804273924,0.142,0.067,0.0624337193124902,"AL118516.1"
2.28244257319734e-11,1.03891829661885,0.259,0.119,5.08984693823007e-07,"PBXIP1"
3.85956308918893e-13,1.03887516710681,0.317,0.151,8.60682568889131e-09,"AC016831.5"
1.96480360280252e-06,1.02827468250331,0.112,0.044,0.0438151203424961,"FTH1"
1.56514873364627e-07,1.02338006052582,0.152,0.066,0.00349028167603118,"PPP1R10"
1.99322020315191e-11,1.02116537681644,0.245,0.107,4.44488105302877e-07,"TNFAIP8"
5.31622179407062e-10,1.01331260011428,0.23,0.107,1.18551746007775e-05,"HEXIM1"
1.84110923882707e-28,1.00038662003648,0.654,0.397,4.10567360258436e-24,"LDHB"
2.64429785840722e-53,0.995452101723073,0.941,0.762,5.89678422424809e-49,"DUSP1"
1.0138652581526e-18,0.989817500004299,0.504,0.279,2.2609195256803e-14,"PIK3R1"
6.23487531638138e-14,0.98564405612399,0.359,0.18,1.39037719555305e-09,"TSPYL2"
7.86779869284272e-05,0.970682115741815,0.101,0.047,1,"BCL2A1"
1.96254252144112e-05,0.964476018253663,0.109,0.049,0.43764698228137,"GALM"
1.28544295072533e-25,0.963397184565994,0.678,0.418,2.86653778011749e-21,"CD69"
7.13821078929965e-08,0.959399360670962,0.172,0.078,0.00159182100601382,"SNORD50B"
2.92873783639294e-08,0.957206238925244,0.161,0.067,0.000653108537515625,"TC2N"
2.01415795898302e-56,0.950948545423314,0.923,0.731,4.49157224853214e-52,"SARAF"
3.85507084856526e-08,0.948414817375815,0.194,0.092,0.000859680799230052,"AC026979.3"
1.02545467514817e-06,0.939690435373469,0.137,0.06,0.0228676392558042,"CDKN1B"
1.20311053746238e-08,0.932092698704349,0.235,0.118,0.000268293649854111,"SLC25A26"
7.07854863652957e-54,0.9298433907696,0.895,0.658,1.57851634594609e-49,"PABPC1"
5.6109317143012e-13,0.927287690545,0.35,0.176,1.25123777228917e-08,"AC116366.1"
5.7260142026143e-08,0.898142481580225,0.215,0.11,0.00127690116718299,"DCTN6"
3.39527178531296e-08,0.893405122872213,0.196,0.093,0.000757145608124789,"BAZ1A"
2.83227898485765e-61,0.893386025796445,0.984,0.913,6.31598213623255e-57,"CXCR4"
1.88978968448044e-12,0.880673102217553,0.401,0.227,4.21423099639139e-08,"TUBB4B"
1.85584929755039e-06,0.877545799731969,0.148,0.069,0.0413854393353738,"TAGAP"
4.86073590401389e-07,0.87481014013133,0.149,0.067,0.010839441065951,"PFKFB3"
1.23797638781947e-05,0.857414504204038,0.135,0.066,0.276068734483742,"TGIF1"
0.000124965374913887,0.853250802954439,0.108,0.053,1,"ST3GAL1"
4.33231341311534e-06,0.852753155004424,0.188,0.102,0.0966105891124721,"EIF4A3"
1.02820314799246e-21,0.84744792891139,0.612,0.371,2.29289302002319e-17,"PPP1R15A"
2.29769274755202e-05,0.845505354419257,0.13,0.064,0.512385482704101,"AL049872.1"
5.28609986435782e-08,0.843355383677447,0.243,0.13,0.00117880026975179,"ILF3-AS1"
2.51257953158198e-12,0.841060982429746,0.419,0.243,5.60305235542782e-08,"FOSB"
6.71456311210436e-13,0.832787581578116,0.527,0.339,1.49734757399927e-08,"BTG2"
4.59262818777941e-08,0.830712762196128,0.255,0.139,0.00102415608587481,"SEPT6"
4.72779628389904e-06,0.824498374340021,0.159,0.081,0.105429857130949,"NFKBIZ"
7.0553808971748e-09,0.822773329562731,0.259,0.131,0.000157334994006998,"G3BP2"
2.12339355558947e-07,0.821243975698454,0.176,0.082,0.00473516762896453,"ETFB"
4.95618563408186e-08,0.820650366305149,0.267,0.148,0.00110522939640025,"NR3C1"
5.5024671471252e-27,0.81929432035409,0.877,0.699,1.22705017380892e-22,"ZFP36"
0.000267421789711658,0.810081486378246,0.105,0.053,1,"AC090114.1"
1.32716234293701e-06,0.803616745628544,0.173,0.085,0.0295957202474953,"AKIRIN1"
8.99404329839739e-13,0.80309615516822,0.409,0.218,2.00567165554262e-08,"RNASET2"
3.2650245123333e-09,0.803072992625125,0.257,0.128,7.28100466250327e-05,"PPP1R2"
7.54313805173713e-06,0.802925152581542,0.136,0.066,0.168211978553738,"TLE3"
1.00911657142103e-15,0.796191914945107,0.438,0.224,2.25032995426891e-11,"EML4"
6.20097052246271e-05,0.789187093360359,0.126,0.064,1,"NINJ1"
7.06447343091637e-12,0.783723987767131,0.285,0.128,1.57537757509435e-07,"TTC39C"
3.10035326440546e-12,0.782442116511511,0.379,0.202,6.91378777962418e-08,"FYB1"
1.70735128615344e-11,0.780302347657122,0.452,0.275,3.80739336812217e-07,"TUBA1A"
1.79803378647216e-07,0.78028707593675,0.192,0.093,0.00400961534383291,"H2AFX"
0.000788383736256949,0.779307033302025,0.108,0.06,1,"NDRG1"
3.52541850449743e-07,0.777385415750755,0.196,0.098,0.00786168326502926,"FAM118A"
3.09001640293362e-05,0.762340140871754,0.158,0.085,0.689073657854198,"ESD"
1.38460094772736e-08,0.762260291182917,0.279,0.153,0.000308766011343202,"PTGER4"
4.8596897069872e-11,0.758074866812252,0.389,0.221,1.08371080465814e-06,"DNAJA1"
3.62943938075784e-24,0.754168361680447,0.732,0.51,8.09364981908999e-20,"AC010343.1"
5.90951171663227e-21,0.750878092965837,0.749,0.511,1.317821112809e-16,"YPEL5"
1.83292014030392e-07,0.746015536818438,0.217,0.113,0.00408741191287775,"CORO1B"
1.02789742469936e-06,0.741175336903139,0.235,0.133,0.0229221125707958,"ZFAND5"
2.02086356128317e-06,0.740172094321183,0.157,0.075,0.0450652574166147,"GRPEL1"
1.48155690016646e-08,0.736111702182724,0.278,0.15,0.000330387188737121,"FTH1P8"
0.000190688508241111,0.734694348597771,0.168,0.101,1,"LYST"
1.5195684535316e-22,0.73304371761357,0.858,0.669,3.38863765137547e-18,"IER2"
4.85207387643966e-06,0.731445498109375,0.203,0.113,0.108201247444604,"SLC38A2"
2.24044111596416e-10,0.731124190109435,0.38,0.217,4.99618368860008e-06,"SMCHD1"
1.47699565403143e-11,0.726827028269978,0.303,0.15,3.29370030849009e-07,"PPA1"
1.42475141304912e-12,0.726395974536516,0.447,0.252,3.17719565109953e-08,"SNHG8"
0.000393140172304687,0.725474120165737,0.104,0.053,1,"AL161787.1"
0.0128800786214072,0.721726671207512,0.264,0.22,1,"CMC1"
1.33099903673348e-06,0.72046649106643,0.166,0.079,0.0296812785191566,"MARCKSL1"
4.72559127598951e-13,0.714660943657695,0.558,0.35,1.05380685454566e-08,"AC058791.1"
3.13862802369277e-05,0.713779730915856,0.145,0.075,0.699914049283487,"EIF1AY"
7.80387188384466e-14,0.713036363197554,0.667,0.475,1.74026343009736e-09,"GADD45B"
1.13888845163195e-08,0.710530326914622,0.332,0.189,0.000253972124713925,"PDCD4"
0.00017348756137593,0.70930392061776,0.1,0.047,1,"RPL5P1"
0.00243698968688769,0.704453314029281,0.104,0.061,1,"ERO1B"
2.08809595779583e-09,0.700047449283655,0.445,0.282,4.65645398588469e-05,"IFRD1"
4.85005400847799e-05,0.699764358053358,0.17,0.096,1,"AC120036.1"
6.43705891048403e-10,0.698935048045189,0.381,0.221,1.43546413703794e-05,"JUND"
2.25780670383407e-06,0.697573288892794,0.211,0.116,0.0503490894954997,"SNHG1"
3.90362206879481e-09,0.697164953302698,0.276,0.14,8.70507721341244e-05,"HINT1P1"
0.000666601344710745,0.693929078538549,0.104,0.055,1,"TNFRSF25"
0.000121332321228587,0.692857383497047,0.14,0.078,1,"OFD1"
4.18116996690856e-18,0.684961411054585,0.676,0.443,9.32400902620609e-14,"CD44"
4.43409675015496e-08,0.677785935908888,0.296,0.168,0.000988803575284557,"SVIP"
0.000138122924816679,0.674666429889466,0.102,0.049,1,"BEX4"
0.00120665689851523,0.674161581247882,0.104,0.058,1,"RPL21P134"
1.13286818330974e-07,0.670367212403547,0.243,0.128,0.00252629604878072,"AIMP1"
5.0832818636895e-08,0.66940557859504,0.326,0.189,0.00113357185560276,"PIK3IP1"
0.000531658585525578,0.661795565363413,0.464,0.371,1,"TUBA4A"
1.73439871709991e-11,0.661745659545778,0.456,0.267,3.86770913913281e-07,"ELF1"
0.000168054990644418,0.661463703748033,0.12,0.063,1,"HBP1"
1.38706672489944e-09,0.659139487174801,0.337,0.182,3.09315879652576e-05,"BCAS2"
1.24039064163982e-15,0.653741481765378,0.666,0.452,2.7660711308568e-11,"HSP90AB1"
4.23167277842146e-23,0.653100004899226,0.787,0.571,9.43663029587984e-19,"GAS5"
1.47861950244226e-05,0.652889986072032,0.176,0.095,0.329732149044625,"AC091429.1"
6.6734186178209e-05,0.652198554860955,0.125,0.063,1,"RHBDD2"
1.47718959060006e-10,0.651715609594244,0.52,0.34,3.29413278703813e-06,"SMDT1"
0.000476340139189765,0.650090312166364,0.1,0.05,1,"PRPS1"
3.20028564916034e-14,0.649043346407781,0.643,0.44,7.13663699762757e-10,"CREM"
8.35041668803695e-05,0.646949601318038,0.182,0.107,1,"SELENOM"
0.000733169129668355,0.644848335168253,0.108,0.058,1,"TUBB2A"
1.94422344201091e-05,0.639998722441041,0.161,0.085,0.433561827568433,"RPL23P8"
3.9319303002781e-07,0.635886960166052,0.248,0.136,0.00876820456962016,"YME1L1"
0.000574765575892626,0.635179986022955,0.125,0.072,1,"SPTAN1"
6.0058993591816e-05,0.633893376822331,0.149,0.079,1,"OXNAD1"
3.45997439436873e-07,0.629535714629376,0.274,0.154,0.00771574289944227,"RPS2P7"
0.000258997563758776,0.629468396899656,0.148,0.085,1,"RGL4"
2.76694503549431e-07,0.625578435589952,0.342,0.212,0.0061702874291523,"TSPYL1"
0.000266438313657007,0.625459107431733,0.101,0.05,1,"TFRC"
5.09614243659467e-05,0.625092751543464,0.164,0.092,1,"AC093768.1"
0.00102076174119671,0.622717774226336,0.115,0.066,1,"AL078604.1"
0.00131541142726961,0.61964660651563,0.109,0.061,1,"FYTTD1"
5.48392103367271e-06,0.616103763154692,0.228,0.131,0.122291439050902,"HIST1H4C"
3.11545933443185e-09,0.612488061513231,0.468,0.305,6.94747431578301e-05,"C6orf48"
8.19456024241069e-08,0.610760850206767,0.402,0.261,0.00182738693405758,"ITM2A"
6.4831375424809e-14,0.608044906629968,0.686,0.51,1.44573967197324e-09,"TNFAIP3"
1.38568911942112e-08,0.607725283114471,0.431,0.269,0.00030900867363091,"SBDS"
5.74624741538822e-08,0.606886134754963,0.393,0.246,0.00128141317363157,"EZR"
1.43079255482054e-06,0.606272420110187,0.279,0.166,0.0319066739724979,"SLC3A2"
1.06344872280098e-16,0.598676579508758,0.689,0.46,2.37149065184619e-12,"AL136968.2"
8.80253215936534e-42,0.59742976095321,0.968,0.889,1.96296467153847e-37,"AC016739.1"
0.00130577764965381,0.596864206936877,0.103,0.056,1,"CNN2"
4.03143485391021e-06,0.591332958133573,0.266,0.16,0.0899009972421976,"PTP4A1"
8.92650500560728e-15,0.58981740211361,0.659,0.455,1.99061061625042e-10,"NAP1L1"
3.2536334310044e-05,0.58735556219577,0.122,0.058,0.725560255113982,"FCMR"
3.71716200963197e-26,0.581363967745973,0.896,0.731,8.28927128147928e-22,"AC073621.1"
0.00136072088717102,0.580167336488598,0.113,0.064,1,"RPL5P4"
0.00195789802929799,0.577901996390747,0.102,0.058,1,"GPBP1L1"
0.00146945396251477,0.575330480497548,0.128,0.076,1,"CNOT1"
0.00289823512702049,0.57410438794558,0.112,0.067,1,"FAM173A"
9.94680247849899e-12,0.570021889978255,0.591,0.383,2.21813695270527e-07,"EEF1A1P5"
1.30693573999778e-07,0.56990026050464,0.26,0.139,0.00291446670019506,"SOD2"
2.94008872784835e-32,0.568911702337998,0.982,0.947,6.55639786310182e-28,"BTG1"
3.5619312994275e-08,0.566578453035403,0.414,0.269,0.000794310679772333,"SRSF6"
0.00417642098394888,0.56471748762484,0.109,0.066,1,"TOB2"
2.81946057902464e-14,0.564308310240081,0.758,0.597,6.28739709122494e-10,"VIM"
4.01014857190016e-10,0.563202860885151,0.54,0.347,8.94263131533737e-06,"CCNL1"
0.000856650917810096,0.562331249841248,0.105,0.056,1,"GNL1"
0.000261496861062781,0.559676726597633,0.161,0.095,1,"KPNA2"
7.68588213503149e-08,0.55966443540903,0.305,0.171,0.00171395171611202,"OCIAD2"
2.33123058058147e-06,0.558521897110926,0.165,0.081,0.0519864419469667,"LST1"
0.00173275349790152,0.558516147679133,0.1,0.055,1,"RPSAP12"
1.20094136983465e-26,0.552317794236542,0.879,0.721,2.67809925473128e-22,"NPM1"
0.00199590920908497,0.550974254015803,0.573,0.478,1,"CD74"
5.4856632040719e-06,0.550823800385287,0.374,0.252,0.122330289450803,"FAM177A1"
0.00200831477628102,0.550543830136171,0.122,0.073,1,"NSMCE1"
0.00778225706882169,0.549187605287996,0.101,0.063,1,"GADD45A"
0.00190907568115064,0.549162588047689,0.105,0.06,1,"SURF2"
2.74805144745841e-08,0.544836172317588,0.417,0.261,0.000612815472783224,"ZC3HAV1"
6.41405160155054e-08,0.544317352657384,0.385,0.232,0.00143033350714577,"EIF5"
5.00647450318469e-05,0.54181233895086,0.173,0.096,1,"CCNG1"
0.00204331060865849,0.540721224733377,0.109,0.063,1,"DEGS1"
2.03807118269196e-06,0.539765303868523,0.297,0.179,0.0454489873740307,"BCL11B"
0.00259001507609917,0.536391932146746,0.101,0.058,1,"FAM105A"
7.49331465553464e-109,0.535138251494904,1,1,1.67100916818422e-104,"RPL13"
0.00203850042310878,0.534830252468034,0.101,0.056,1,"PPA2"
2.2737229732567e-07,0.529756920665569,0.421,0.272,0.00507040223036244,"AC067942.1"
5.04926740789655e-71,0.529574604466614,1,0.991,1.12598663196093e-66,"RPL36"
9.64265407014218e-35,0.528560358990178,0.97,0.918,2.15031185764171e-30,"RPLP0"
0.00338513708305362,0.526822618539398,0.133,0.085,1,"RSBN1"
1.39500501078107e-06,0.526408832038908,0.306,0.183,0.0311086117404179,"EVI2B"
7.63566012276658e-07,0.52594945435514,0.47,0.336,0.0170275220737695,"KLF2"
4.58802455027953e-17,0.525320053620429,0.816,0.608,1.02312947471233e-12,"LRRC75A-AS1"
3.34052443680203e-05,0.525254501383671,0.243,0.15,0.744936949406854,"RPL29P11"
0.00152217051183914,0.524859869764344,0.105,0.058,1,"IMPDH2"
1.03137557096318e-18,0.524843798513933,0.843,0.666,2.2999675232479e-14,"HINT1"
0.00179296228818916,0.524437428119563,0.104,0.058,1,"TMEM14C"
0.00040168483033722,0.523020859479893,0.16,0.096,1,"CCDC57"
8.91419532489629e-08,0.521419359130471,0.524,0.36,0.00198786555745187,"CYCS"
8.54966883613995e-11,0.520116490816278,0.788,0.669,1.90657615045921e-06,"NFKBIA"
0.000144637982403499,0.518594502675268,0.144,0.079,1,"CMTM7"
0.000663642113353727,0.517668237231597,0.168,0.105,1,"CHMP1B"
1.73438774066033e-07,0.517495588554987,0.405,0.263,0.00386768466167254,"PPP1CB"
0.00159353358452248,0.515925055894197,0.11,0.063,1,"AC016405.1"
5.57253543004975e-13,0.513965548617297,0.741,0.54,1.24267540090109e-08,"CCNI"
0.000241978865448682,0.512394915360133,0.117,0.061,1,"AIF1"
6.9820238532004e-05,0.510174788300014,0.196,0.116,1,"RCSD1"
1.24903409813372e-33,0.509627090481807,0.966,0.905,2.78534603883819e-29,"RPL22"
5.40385947933857e-05,0.5052738939748,0.253,0.16,1,"GNAS"
1.53415031158555e-05,0.504118919376875,0.308,0.195,0.342115519483577,"ABRACL"
0.0036770489326393,0.499646206319499,0.113,0.069,1,"JADE1"
0.00223269157230558,0.499392624170109,0.125,0.075,1,"SNHG12"
1.57967814266453e-09,0.497123978854375,0.554,0.362,3.5226822581419e-05,"EEF1B2P3"
1.92454377249703e-07,0.493916920446032,0.318,0.183,0.00429173261266837,"RPL12P16"
0.000634679567778807,0.49295769116117,0.132,0.076,1,"MLLT3"
0.00242485111473348,0.492597740676093,0.118,0.07,1,"CCDC167"
0.000103753301334209,0.492147402618731,0.14,0.075,1,"NSRP1"
7.10609085312428e-07,0.492006032259961,0.365,0.227,0.0158465826024671,"AC064799.1"
0.00155141310973358,0.489112361802243,0.119,0.069,1,"CYLD"
1.7937886105187e-08,0.487669900565288,0.437,0.272,0.00040001486014567,"HERPUD1"
0.000587391382368272,0.485605117892911,0.108,0.056,1,"RBMS1"
7.37658478518155e-06,0.485034196507091,0.251,0.147,0.164497840709549,"ARL4A"
0.000509839772096195,0.483224131283863,0.152,0.09,1,"TXLNGY"
7.09414477331713e-49,0.482130763727551,0.998,0.977,1.58199428444972e-44,"RPL9P9"
7.36999647448365e-06,0.479635455955111,0.432,0.296,0.164350921380985,"FUS"
3.99686415509654e-67,0.478906028055495,1,1,8.91300706586529e-63,"RPLP1"
4.92175451120588e-09,0.478647344484123,0.591,0.409,0.000109755125599891,"SERP1"
1.43415384697387e-10,0.478647133779785,0.662,0.482,3.19816307875174e-06,"AC074033.1"
2.54697472741672e-08,0.477284350934828,0.477,0.304,0.000567975364213929,"AC113935.1"
0.00874030813552183,0.475786101865725,0.11,0.07,1,"ZC3H12A"
0.0065508920524485,0.475575085074013,0.105,0.064,1,"GPR108"
0.000828668778466787,0.474929354669013,0.156,0.095,1,"PIM2"
1.56512027891403e-11,0.472753175499775,0.749,0.58,3.4902182219783e-07,"FXYD5"
0.000112090082236444,0.471998885346688,0.271,0.179,1,"DDX3X"
3.35805173704574e-05,0.471998724217135,0.257,0.16,0.7488455373612,"EEF1A1P11"
0.000132499630503073,0.470513464680048,0.117,0.06,1,"NAMPT"
0.00217729729099706,0.470232023847,0.131,0.079,1,"RPL24P2"
8.17599419665017e-07,0.470155640680285,0.431,0.282,0.0182324670585299,"RPL12P4"
1.42083459325615e-06,0.46905401592928,0.3,0.179,0.0316846114296121,"RPL7P23"
1.57474869232251e-16,0.467938306467489,0.843,0.718,3.5116895838792e-12,"RPL5P34"
5.21768933013905e-12,0.467904840152297,0.754,0.588,1.16354472062101e-07,"EIF3E"
1.89724155793849e-53,0.46556325577149,0.999,0.991,4.23084867420282e-49,"AC073861.1"
0.00631268864289046,0.465040785306652,0.109,0.067,1,"ZMYM2"
3.00078120878014e-12,0.463588257800534,0.748,0.568,6.69174209557971e-08,"AC026403.1"
1.1438182545255e-10,0.461692311458792,0.713,0.504,2.55071470759187e-06,"AC034236.1"
3.017872500437e-53,0.461311811864712,0.999,0.989,6.7298556759745e-49,"RPS8"
0.000190021768897581,0.460784987517588,0.231,0.15,1,"NOP58"
0.000204145675665171,0.460454889537227,0.163,0.093,1,"TRADD"
0.0032933919584481,0.46043992384695,0.148,0.096,1,"C1orf162"
0.000173818181398611,0.459043829599586,0.19,0.115,1,"CCT4"
0.0064049902922832,0.458618569806556,0.126,0.081,1,"IL16"
2.33676152850864e-08,0.458037909704388,0.33,0.185,0.000521097820857428,"AC004448.1"
7.33327711097569e-17,0.457600380305597,0.873,0.745,1.63532079574758e-12,"EEF2"
1.0020540909329e-08,0.455725808074981,0.71,0.556,0.000223458062278037,"SRSF3"
7.98685971853428e-10,0.455715654902621,0.608,0.409,1.78106971723315e-05,"AC004453.1"
8.88555031591411e-70,0.455516865714102,1,0.998,1.98147772044885e-65,"RPL39"
0.000217659742753018,0.455339226674933,0.159,0.092,1,"ELOVL5"
0.00470942058551677,0.453042492799228,0.112,0.069,1,"IL4R"
1.87880917293947e-06,0.452812534976052,0.418,0.275,0.0418974445565502,"SAMSN1"
4.01375171218428e-06,0.452593280420948,0.81,0.687,0.0895066631817095,"SRSF7"
0.00112148922291366,0.452387948204316,0.122,0.07,1,"SNRPFP1"
9.79149105458496e-24,0.451782409852196,0.95,0.86,2.18350250517245e-19,"AC008038.1"
3.67941759774639e-81,0.451156791570193,1,1,8.20510124297446e-77,"RPS18"
1.20319730082964e-06,0.448970328194209,0.329,0.197,0.026831299808501,"AL591846.1"
1.81357666628283e-05,0.446624575257986,0.363,0.238,0.404427596581072,"RPL10P12"
5.2412547031046e-05,0.444305807193637,0.339,0.227,1,"HNRNPUL1"
8.57895379313713e-51,0.443798765726178,1,0.991,1.91310669586958e-46,"RPS13"
0.00136063575104915,0.443215899880806,0.273,0.197,1,"STK17A"
0.0262930234540639,0.442526799101509,0.105,0.072,1,"RAP2C"
0.00178531590686493,0.442523457073296,0.127,0.075,1,"RNF114"
0.000538098111680692,0.44127796538499,0.151,0.089,1,"AC011979.1"
8.91217788482674e-11,0.440229609739632,0.741,0.606,1.98741566831636e-06,"RPL4P4"
0.000210036298241657,0.438160529442375,0.272,0.18,1,"ARID5A"
2.86923942118545e-32,0.437646016968296,0.987,0.937,6.39840390924356e-28,"RPL30"
0.00521235851126476,0.436833230317105,0.1,0.06,1,"EPM2AIP1"
0.00605603753300815,0.436694875371369,0.1,0.06,1,"HPRT1"
0.000704507919406084,0.4362630221597,0.168,0.102,1,"RPL17P34"
0.00023234139722514,0.435503308733557,0.226,0.145,1,"PARP8"
0.0111727748822,0.434646392696702,0.1,0.063,1,"NUP58"
7.23765986185783e-13,0.434417493790871,0.832,0.669,1.6139981491943e-08,"RPSAP19"
6.24866732319444e-06,0.43402800229446,0.302,0.18,0.139345281307236,"EEF1A1P6"
5.2729292303318e-51,0.433793306481634,0.998,0.992,1.17586321836399e-46,"TPT1"
1.03216098909191e-37,0.433561478620645,0.993,0.977,2.30171900567496e-33,"RPS5"
0.000151104947130124,0.433150279295299,0.745,0.667,1,"ID2"
0.00016952817094178,0.433070702809686,0.273,0.18,1,"WSB1"
6.69846018093635e-06,0.432793044259812,0.531,0.394,0.149375662034881,"RPLP0P6"
0.00739878760863712,0.432582647538912,0.136,0.09,1,"SH2D1A"
1.87566372891984e-65,0.432064140383674,1,0.989,4.18273011549124e-61,"RPS25"
8.08879506679031e-05,0.431952376735102,0.189,0.108,1,"CD55"
9.32927327460638e-06,0.430813590093083,0.271,0.163,0.208042794023722,"TTC3"
1.11939504699987e-05,0.430332194405186,0.642,0.521,0.249625095480971,"NR4A2"
0.0110887223827038,0.428400043977177,0.148,0.102,1,"DDIT3"
0.007335061526074,0.428295368866402,0.121,0.078,1,"CCM2"
0.000143627856060464,0.424094187915181,0.266,0.171,1,"SF1"
4.53965550013232e-05,0.422391075504952,0.291,0.186,1,"AC018738.1"
3.77336036346515e-37,0.422110798246222,0.996,0.976,8.41459361052729e-33,"RPL8"
4.66190255126413e-09,0.420590874416057,0.65,0.466,0.00010396042689319,"AC026366.1"
3.64586138953998e-76,0.419671208373177,1,0.998,8.13027089867415e-72,"RPL34"
0.00664218669716708,0.418141414987072,0.118,0.075,1,"MTERF4"
0.000294335020515905,0.417348409521295,0.233,0.15,1,"PTMAP2"
1.37953397778722e-19,0.416679351894333,0.922,0.838,3.0763607704655e-15,"EEF1B2"
0.00239768144111389,0.415270301236062,0.114,0.067,1,"SEC63"
5.65159870506993e-07,0.414480453140024,0.344,0.205,0.012603065112306,"CSDE1"
0.000452211030124512,0.413350133679453,0.235,0.15,1,"PHF20"
4.37193101833085e-08,0.412318365591047,0.65,0.479,0.00097494061708778,"ZFAS1"
0.000559426448128151,0.411261207055933,0.212,0.139,1,"NUFIP2"
8.00125425095082e-06,0.410601495960515,0.494,0.347,0.178427969796203,"RPS3AP25"
1.37362546620994e-24,0.409345894555964,0.971,0.918,3.06318478964816e-20,"RPL4"
2.77020301972724e-21,0.408616958320646,0.953,0.876,6.17755273399174e-17,"RPS20P14"
0.000116529430543655,0.408383109105539,0.184,0.107,1,"EVI2A"
0.00389191282892544,0.408048923190417,0.119,0.073,1,"AGO2"
0.0111472107026027,0.405634944022499,0.116,0.076,1,"CCDC91"
0.000790902198614904,0.405124527693288,0.154,0.093,1,"CNIH1"
0.00826153219445809,0.40391529790119,0.141,0.095,1,"CLDND1"
0.000964690980681874,0.403771133450859,0.136,0.079,1,"MZT2A"
0.0012392378611198,0.402618451473981,0.257,0.18,1,"EEF1A1P13"
3.13384094096222e-05,0.402076767705031,0.337,0.221,0.698846529834574,"RSL1D1"
6.36613589516895e-67,0.401518893327577,1,1,1.41964830462268e-62,"RPL32"
0.000749910940344554,0.401175745378068,0.215,0.142,1,"CACYBP"
0.000403863284233726,0.400988545242527,0.359,0.256,1,"PEBP1"
5.79536027446181e-09,0.400521530985165,0.706,0.528,0.000129236534120498,"RPSAP58"
1.04123540118296e-45,0.399100577047422,1,0.995,2.32195494463799e-41,"RPL12"
0.00364341052938252,0.398419569184093,0.113,0.067,1,"PDE3B"
2.11400260422866e-53,0.397966027534972,1,0.995,4.71422580742991e-49,"RPL9"
1.10284430534954e-08,0.396501321547566,0.685,0.502,0.000245934280092947,"RPL10P6"
0.00579593424959636,0.394971769047673,0.113,0.07,1,"COPS2"
0.00227304040918971,0.394090559858405,0.177,0.115,1,"PER1"
4.56466926251081e-57,0.394057135814694,1,0.998,1.01792124553991e-52,"RPS29"
2.10929639272024e-08,0.393786673687383,0.727,0.54,0.000470373095576613,"SNHG6"
1.08399255158758e-05,0.393392370277942,0.395,0.263,0.24173033900403,"PTGES3"
0.00453898371249369,0.391008038459483,0.11,0.067,1,"PABPC4"
1.84206515611473e-06,0.390063103066875,0.426,0.275,0.0410780529813584,"EIF3G"
0.000988786015392785,0.388909931176377,0.211,0.137,1,"RPL10P15"
0.000172461099437437,0.388175427727598,0.217,0.136,1,"RPS2P55"
0.0098960509879713,0.38799060161747,0.102,0.064,1,"KCNQ1OT1"
0.00150394049963783,0.387489130106573,0.111,0.063,1,"TOMM20P4"
0.000138881754137125,0.387299330068284,0.354,0.247,1,"HNRNPU"
6.41885361454857e-07,0.387078033504854,0.607,0.443,0.0143140435604433,"RPS3AP26"
3.74425131950046e-11,0.385534857261864,0.816,0.643,8.34968044248602e-07,"TRAC"
1.64889036879106e-05,0.384797489386898,0.505,0.362,0.367702552240407,"RPL24P4"
0.00457544781319515,0.384568611414699,0.134,0.085,1,"RPA3"
0.000146210513991179,0.384531615535628,0.249,0.156,1,"SFPQ"
3.14089740734141e-29,0.384512816331569,0.99,0.971,7.00420121837134e-25,"RPL5"
0.00162486702857016,0.383823522588019,0.6,0.507,1,"SAT1"
7.49174244235923e-20,0.383084873420124,0.965,0.879,1.67065856464611e-15,"RPL34P18"
0.00125840667542157,0.382015743293889,0.18,0.115,1,"PDE4B"
9.42239519641719e-07,0.381089644232209,0.416,0.269,0.0210119412880103,"ISG20"
1.03935334573692e-06,0.380128206257193,0.615,0.458,0.0231775796099333,"EIF4A2"
0.00351483577951517,0.37895397481649,0.135,0.084,1,"OTUD6B-AS1"
0.00123446840410934,0.378837950803463,0.296,0.209,1,"DDX18"
0.0153709958588142,0.375958784706697,0.108,0.07,1,"DNAJA2"
1.36669052788234e-46,0.375878231657758,1,0.995,3.04771987717761e-42,"RPS28"
4.55722162014576e-27,0.375617584342697,0.986,0.966,1.0162604212925e-22,"AP001324.1"
0.00854528180781558,0.374717240304022,0.148,0.101,1,"AC007182.2"
2.15609216931334e-49,0.374295613689804,0.998,0.998,4.80808553756874e-45,"RPL11"
1.05679361341153e-16,0.373889807563261,0.936,0.824,2.35664975790771e-12,"RPL13AP5"
8.32623477695031e-05,0.372181366717341,0.29,0.186,1,"HNRNPH3"
0.0126660784960137,0.371852513299659,0.186,0.136,1,"RNF19A"
1.56038173991353e-30,0.371466629373821,0.998,0.973,3.47965128000717e-26,"EEF1A1"
0.00108507269780885,0.37052101924788,0.231,0.156,1,"RPL21P39"
0.00287632807024405,0.370409192296147,0.13,0.079,1,"PRMT1"
1.91768748799985e-07,0.369616391919288,0.698,0.54,0.00427644309823967,"AC019205.3"
6.62936358523397e-05,0.36864764430849,0.355,0.235,1,"ANP32B"
0.00135056071198927,0.367048457558157,0.183,0.119,1,"IGBP1"
0.0179837738927204,0.366960609951492,0.126,0.087,1,"CRYBG1"
2.18073566546477e-05,0.366628161250296,0.37,0.246,0.486304053398645,"AC044787.1"
0.00552706442357951,0.366615168058785,0.134,0.085,1,"MORF4L2"
0.00680631063117072,0.365969110690519,0.161,0.11,1,"COA1"
0.00196545543850831,0.364870404811,0.146,0.09,1,"CHRAC1"
0.00341555479098965,0.364786900095538,0.194,0.133,1,"JMJD1C"
0.00541395685679763,0.363655230350524,0.147,0.096,1,"TRMT10C"
0.00130452195597155,0.363185300463865,0.132,0.078,1,"AC133435.1"
0.0466902642810804,0.361390390019559,0.105,0.075,1,"TTTY15"
5.253886794805e-27,0.359624928546148,0.993,0.96,1.17161675524151e-22,"RPSA"
1.06057993838941e-08,0.358752763736022,0.688,0.513,0.000236509326260837,"AC096919.1"
0.000680757653893992,0.358750258824595,0.184,0.115,1,"TIMP1"
0.0043953671545908,0.357963134100765,0.127,0.079,1,"OLA1"
0.0185772403334919,0.357452883759477,0.107,0.07,1,"RANBP2"
0.000476908112300465,0.357436484163646,0.243,0.159,1,"ANXA7"
0.00103394317189116,0.35726073257533,0.508,0.414,1,"AC245427.1"
0.0011708519134413,0.356642202658223,0.224,0.148,1,"NOL7"
0.000436786902953264,0.35591482370565,0.148,0.087,1,"ARIH1"
1.3883089129218e-05,0.35212552394144,0.35,0.226,0.309592887581562,"RPS3AP5"
2.0591956629152e-22,0.351941898652242,0.975,0.96,4.5920063283009e-18,"RPL18AP3"
5.33741891740051e-05,0.351843565276989,0.365,0.246,1,"RPL9P7"
0.890864887080452,0.351002721766926,0.429,0.455,1,"KLRB1"
0.0150150983762864,0.347416605479089,0.109,0.07,1,"AL080243.2"
1.14263979690436e-46,0.345418633757235,1,1,2.54808674709672e-42,"RPS6"
1.33829577726152e-27,0.343919771068117,0.994,0.982,2.98439958329319e-23,"RPL18"
2.16380646114441e-05,0.342670815956783,0.63,0.476,0.482528840835203,"HNRNPA0"
0.00817328733472208,0.3424335169597,0.115,0.073,1,"PSMD5-AS1"
0.000153476822131691,0.340413405016561,0.385,0.267,1,"AC104563.1"
0.0286651922701829,0.340220406060167,0.123,0.085,1,"CCND2"
4.70607958568087e-38,0.339020790094856,1,0.989,1.04945574760683e-33,"RPS20"
1.94288514664941e-18,0.338909640139962,0.97,0.924,4.3326338770282e-14,"RPL10P16"
2.34175008360316e-36,0.33799150031861,1,0.997,5.22210268643506e-32,"RPS2"
0.0062915768011305,0.335660131194991,0.22,0.157,1,"SYAP1"
2.53302056389659e-05,0.334710178646281,0.411,0.281,0.564863585748939,"TOMM20"
5.67489549925841e-58,0.334468220205381,1,0.998,1.26550169633463e-53,"RPLP2"
0.0188479395089317,0.334103104451161,0.171,0.125,1,"THUMPD1"
5.67929707521804e-06,0.333076579547662,0.949,0.911,0.126648324777362,"SRGN"
0.0158821645211821,0.331775411952945,0.113,0.075,1,"AC025171.1"
0.00199450305665877,0.330258797177824,0.215,0.145,1,"RPS7P11"
0.00986713977784901,0.329673198779604,0.155,0.105,1,"AC013248.2"
0.00045800089888705,0.329528594798059,0.207,0.128,1,"IRF2BP2"
0.0167672366475052,0.32908715405618,0.1,0.064,1,"NUDT21"
0.00225392221463522,0.328694459701247,0.308,0.22,1,"AMD1"
1.33409586844013e-07,0.328151435415544,0.711,0.545,0.00297503378662148,"RPS13P2"
9.7445881794734e-06,0.327485430633926,0.539,0.388,0.217304316402257,"RPL7P1"
0.0135758539793852,0.326566465800415,0.11,0.072,1,"SMAP2"
0.00140184214132382,0.325631437969084,0.239,0.165,1,"INTS6"
1.44344524505374e-47,0.324816608972671,1,1,3.21888289646984e-43,"RPS12"
0.0132268561632418,0.32440782851281,0.113,0.073,1,"RBPJ"
1.60286054131141e-55,0.323716041117488,1,1,3.57437900712444e-51,"RPL10"
0.0160177390550086,0.323344478807675,0.136,0.093,1,"AC107075.1"
0.028676048507714,0.321656252247501,0.108,0.073,1,"PLIN2"
0.000139009300373755,0.321562100054789,0.347,0.235,1,"AC092017.2"
2.03096373013198e-37,0.320629841604698,1,0.995,4.52904911819432e-33,"RPS3A"
0.0166353220847301,0.318947384442673,0.165,0.118,1,"RBM4"
2.94242112035966e-47,0.318449995892004,1,0.998,6.56159909840205e-43,"RPS15A"
6.3343686823052e-18,0.316230055396087,0.991,0.96,1.41256421615406e-13,"PTMA"
0.00559795948426275,0.316102024026109,0.118,0.073,1,"NANS"
2.37738097382375e-09,0.31537547117281,0.849,0.73,5.30155957162695e-05,"RPS23"
1.61638897602279e-05,0.315061449761407,0.461,0.315,0.360454741653081,"DDX24"
2.8778000491337e-51,0.313204286346955,1,1,6.41749410956814e-47,"RPL13A"
3.52284426815424e-27,0.311440704991588,0.997,0.991,7.85594271798395e-23,"RPL10A"
0.0033782997900825,0.311111952305127,0.103,0.06,1,"SUPT3H"
0.000105437682775951,0.31037512378576,0.306,0.202,1,"TAF7"
0.00230006287856411,0.310258299597102,0.204,0.133,1,"OCIAD1"
0.036006849272174,0.31016514901647,0.123,0.089,1,"CAND1"
0.0114221876980714,0.308154047718099,0.18,0.127,1,"TIPARP"
0.0166729294858299,0.307969001388783,0.148,0.104,1,"MTFP1"
0.0162595818031652,0.307408288511683,0.117,0.078,1,"SMS"
0.000788696088343753,0.307274331745702,0.234,0.154,1,"GPX1"
0.000146843061565142,0.305815496424695,0.372,0.261,1,"ATF4"
0.00253512789046,0.30572923248126,0.156,0.098,1,"ITSN2"
0.0178574017119325,0.305711985515684,0.1,0.064,1,"AC106872.2"
1.08635234940337e-27,0.3048694047425,1,0.998,2.42256573916952e-23,"EIF1"
0.0157611321644415,0.304682770065832,0.114,0.075,1,"AC115223.1"
0.00072294890756692,0.303697181565378,0.158,0.095,1,"ERP27"
0.00103132563507291,0.303671883023637,0.621,0.504,1,"SELENOK"
0.0317414403487064,0.303626593767729,0.1,0.067,1,"MRPS35"
0.0081033889887251,0.302990689376089,0.132,0.087,1,"DHX9"
0.000428069560538234,0.302829059570759,0.221,0.14,1,"EMB"
0.0108431804340435,0.302784858984875,0.119,0.078,1,"IER5"
7.27185460909864e-33,0.30247191919026,1,0.998,1.621623577829e-28,"RPL18A"
0.000809147649092951,0.300987111977403,0.172,0.105,1,"RPL21P11"
0.0245079090034731,0.300822313342742,0.129,0.09,1,"FNBP4"
0.0508304079599559,0.300462028782975,0.125,0.09,1,"NXF1"
0.00919220572195234,0.300319523728218,0.18,0.125,1,"DNAJC19"
0.00136730831978816,0.300148774889049,0.255,0.176,1,"HERPUD2"
0.00021399040635248,0.299615339777294,0.346,0.234,1,"AL669983.1"
0.00676255598191751,0.299323043728319,0.184,0.125,1,"TRAPPC6A"
0.00755927166203538,0.299187332019312,0.125,0.081,1,"PSMD6"
0.000302747227842443,0.299013642718883,0.563,0.434,1,"EIF3H"
0.00264605121698094,0.298700209278623,0.112,0.066,1,"ATG3"
0.000373020928717533,0.298668839674911,0.134,0.075,1,"RRM1"
0.0114922255576651,0.296578163595639,0.144,0.098,1,"CEBPZ"
0.00238017167336336,0.295955543016566,0.258,0.18,1,"MYLIP"
1.83371598514443e-08,0.295806240905393,0.874,0.75,0.000408918664687208,"RPS28P7"
0.0262011533025726,0.294994204344898,0.109,0.073,1,"SUCLG2"
6.37057101296916e-19,0.294618395301979,0.992,0.976,1.42063733589212e-14,"RPS9"
1.18553913062251e-41,0.293957118503769,1,1,2.6437522612882e-37,"RPL28"
3.66064034847405e-34,0.293779126816129,1,0.995,8.16322797709714e-30,"RPL35A"
0.0101469140792537,0.29377308680974,0.15,0.102,1,"HSPD1"
0.0123602126499506,0.292487250853186,0.117,0.076,1,"AC044849.2"
9.25408658827237e-05,0.292074753309602,0.588,0.449,1,"RPL5P17"
0.00062407346444976,0.291377007979662,0.299,0.202,1,"AC131235.1"
0.000378785736957083,0.289786393653741,0.192,0.118,1,"ALKBH7"
0.00521499216997669,0.287948984815347,0.144,0.093,1,"MAX"
0.0234551283708162,0.287498571681108,0.163,0.118,1,"DDX3Y"
0.0215010036366715,0.286747850388987,0.139,0.098,1,"NAAA"
0.0143257472330105,0.286527588074216,0.169,0.119,1,"NR1H2"
0.00161289702289315,0.285415570658081,0.157,0.098,1,"AP002387.1"
0.0025488385292898,0.284989756253148,0.326,0.237,1,"AC078814.1"
0.0087252320446899,0.284960951298824,0.169,0.116,1,"ARF4"
6.4672806371021e-11,0.284635889018873,0.938,0.875,1.44220358207377e-06,"AC116533.1"
0.000424669790006979,0.284453527870213,0.587,0.444,1,"SOD1"
0.00667114100580082,0.283883161410269,0.14,0.092,1,"MED28"
0.00880993821273767,0.283623326501915,0.148,0.099,1,"PDCL3"
0.0218851404997153,0.281662154660791,0.136,0.095,1,"ATP2B1"
0.000875382747788367,0.280828877673559,0.16,0.096,1,"RNF138"
1.96813079949418e-08,0.28057027255243,0.861,0.737,0.000438893168287203,"TSC22D3"
0.0100026146203365,0.280383321381874,0.175,0.121,1,"AL122020.1"
0.0191524011056778,0.279242167409645,0.133,0.092,1,"CUL3"
1.75959719823996e-19,0.278733807917195,0.99,0.966,3.92390175207512e-15,"AC012618.1"
2.05303385686592e-05,0.278117058195134,0.658,0.501,0.457826550081101,"AC068724.1"
4.56095895598731e-05,0.276074330840713,0.445,0.313,1,"LIMD2"
0.00371256785696107,0.273935237128652,0.225,0.159,1,"DDX21"
0.00120760431817487,0.273798774320954,0.204,0.133,1,"PPP2CA"
0.129822770655864,0.273635246529068,0.106,0.082,1,"CHCHD7"
0.00102079687567982,0.273342592824579,0.166,0.102,1,"ILF3"
0.003781353846395,0.272178425135491,0.22,0.151,1,"TMEM243"
8.18981735934678e-06,0.270797458755884,0.768,0.653,0.182632927113433,"AC079250.1"
0.00562242799073179,0.270456268790292,0.165,0.11,1,"SMARCA2"
3.9287718699565e-06,0.269175503176939,0.759,0.627,0.08761161270003,"AL049873.1"
0.00584390600665107,0.267777454137042,0.27,0.194,1,"AP003385.3"
0.00262125642916734,0.266768056519968,0.431,0.328,1,"CLK1"
0.0499083231268196,0.266090144282282,0.115,0.082,1,"TMEM107"
0.0147836718929454,0.26606212093039,0.561,0.478,1,"IDS"
0.0141325648849729,0.265781078136902,0.141,0.096,1,"SRSF8"
0.0012772332295598,0.265548993948631,0.28,0.191,1,"AC090498.1"
0.00339484071964679,0.26440424305737,0.201,0.134,1,"SNHG15"
0.0575380118871363,0.263496534751346,0.113,0.081,1,"IVNS1ABP"
6.78295676520189e-25,0.263467019178126,0.998,0.994,1.51259935864002e-20,"RPS16"
0.000910211239572802,0.262899617452785,0.184,0.115,1,"PITHD1"
5.26926272218539e-07,0.262782707243349,0.824,0.675,0.0117504558704734,"ITM2B"
0.00983725216803107,0.261590357719641,0.215,0.154,1,"REL"
0.0127421501969543,0.261323669594439,0.144,0.098,1,"OXA1L"
0.0398699710522809,0.260667000840985,0.125,0.09,1,"HNRNPD"
0.0035300595390545,0.260573683003916,0.383,0.29,1,"SDCBP"
0.0131114900236896,0.257511274260762,0.101,0.064,1,"AC144530.1"
5.98882560462393e-08,0.257298974595542,0.926,0.85,0.00133550810983114,"RPS7P10"
0.0218240515844049,0.254702425239831,0.188,0.136,1,"IK"
0.0387083431867334,0.254323337237721,0.133,0.096,1,"ATXN1"
0.00990350116664597,0.254016477624875,0.109,0.069,1,"CARD19"
0.0167590825769296,0.252912628400675,0.1,0.064,1,"DNMT1"
2.14514146511175e-07,0.252912546353104,0.903,0.808,0.0047836654671992,"RPL13AP25"
0.064004566243612,0.252657808432662,0.122,0.09,1,"MECP2"
0.00180044541965435,0.252443636455748,0.4,0.295,1,"HSPE1"
0.0019475926686964,0.251992885524948,0.325,0.229,1,"RPS24P8"
0.0283609910983303,0.251882750896222,0.121,0.084,1,"NDUFB5"
0.00144874300293334,0.251417291219219,0.497,0.371,1,"RNF125"
0.011637632315558,0.25052512363813,0.551,0.469,1,"HSPA5"
0.00738716922896312,0.250293462595335,0.282,0.206,1,"RPL17P36"
0.368402327368416,-0.250055970866208,0.139,0.116,1,"SNW1"
0.780210359037728,-0.250191461973728,0.1,0.09,1,"MED6"
0.898600359663604,-0.25059224930172,0.138,0.128,1,"MRPL52"
0.934529842738888,-0.252481700359334,0.175,0.163,1,"MYDGF"
0.687222646362947,-0.252909914460834,0.231,0.217,1,"CDC37"
0.627372385959834,-0.253708483194458,0.164,0.162,1,"TMEM256"
0.818623975468621,-0.255582541379765,0.172,0.163,1,"TLE4"
0.295236869222675,-0.256661356337283,0.213,0.215,1,"BAX"
0.924608795881184,-0.256732689192922,0.105,0.101,1,"PCNA"
0.999396128469519,-0.257664631908022,0.129,0.122,1,"ANP32A"
0.765321190648295,-0.258007180615638,0.166,0.159,1,"MED4"
0.755351124827918,-0.258901298076893,0.157,0.139,1,"GOLGA7"
0.644019573041201,-0.259114708975311,0.195,0.186,1,"CCDC88C"
0.712736400045342,-0.259319022836719,0.11,0.111,1,"HSPB11"
0.550083845524452,-0.260340149813096,0.184,0.183,1,"BRD4"
0.891003795023583,-0.260750750875876,0.152,0.144,1,"POLR2I"
1.52793187553551e-11,-0.261566802051547,0.974,0.983,3.40728808244419e-07,"FTL"
0.476354850910832,-0.262112207073518,0.199,0.197,1,"TMEM9B"
0.741647117008064,-0.262217225819938,0.112,0.111,1,"ATF6B"
0.587895686688073,-0.262424403606644,0.223,0.218,1,"ATP5F1"
0.958706930353564,-0.263034347873289,0.121,0.115,1,"DOCK8"
0.385770689436784,-0.263261413759719,0.229,0.227,1,"POLR2K"
2.1665406540532e-09,-0.263453480684001,0.958,0.937,4.83138565853864e-05,"MTATP6P1"
0.625824162665081,-0.264333509896667,0.146,0.147,1,"LRPAP1"
0.919191415022681,-0.264860174201517,0.161,0.153,1,"SSR1"
5.817109616671e-11,-0.265816130935834,0.938,0.96,1.29721544451763e-06,"IL32"
0.0201834550505725,-0.266178013929485,0.475,0.467,1,"ATP5D"
0.95631011491483,-0.266303901128234,0.126,0.119,1,"DEDD2"
0.678482803869108,-0.266740216154285,0.118,0.105,1,"SNX17"
0.376108438429344,-0.266900809089532,0.275,0.266,1,"SEM1"
0.146153313908532,-0.267346403698202,0.243,0.26,1,"SYTL3"
0.589673302650469,-0.268211139805105,0.172,0.173,1,"PHF11"
0.643291129777713,-0.269006533986488,0.207,0.198,1,"IKZF1"
0.953013001768559,-0.269169502332,0.148,0.139,1,"IFI16"
0.74786168504234,-0.269236810285564,0.102,0.092,1,"NAA20"
0.132256447205979,-0.269244680026179,0.357,0.345,1,"ERH"
0.000744662962163851,-0.269311589939748,0.625,0.646,1,"PCED1B-AS1"
0.501854754522615,-0.269330666208715,0.191,0.189,1,"PIN1"
0.856294863145522,-0.270100420941252,0.109,0.101,1,"CERS5"
0.564369615536815,-0.27013320648245,0.201,0.195,1,"OSTC"
0.514591130078602,-0.272111241354016,0.101,0.087,1,"ZDHHC6"
0.0340331626358602,-0.272156374043024,0.543,0.524,1,"IGKC"
0.999953083217723,-0.272393057383191,0.244,0.22,1,"AAK1"
0.949844053885824,-0.272418903542272,0.112,0.107,1,"TTC17"
0.86734217595139,-0.272516534625028,0.133,0.13,1,"PRKCSH"
0.706868279437183,-0.273480692455887,0.129,0.115,1,"IFITM1"
0.738575461184722,-0.273696924637017,0.144,0.14,1,"PLEKHJ1"
0.621852028881487,-0.273988799531025,0.194,0.188,1,"DNTTIP2"
0.096335305928584,-0.274430616910206,0.409,0.391,1,"LCK"
0.828994851629456,-0.275907719379311,0.196,0.186,1,"LMAN2"
0.622001731879,-0.276907627595993,0.104,0.107,1,"RNF113A"
0.842459153450691,-0.276931171727584,0.19,0.169,1,"NDUFAB1"
0.814159428583604,-0.2772218982784,0.2,0.186,1,"ROMO1"
0.322857372815825,-0.277303071302172,0.211,0.218,1,"ANXA2"
0.69993633412371,-0.277513085745602,0.109,0.098,1,"NME3"
0.00888984933420093,-0.278015517704741,0.595,0.565,1,"SSR2"
5.05709644680025e-20,-0.278404740022099,0.995,0.988,1.12773250763646e-15,"HLA-A"
0.693544152610262,-0.278537163560657,0.119,0.121,1,"HBS1L"
0.939496774849805,-0.278954823559118,0.152,0.142,1,"CAPZA2"
0.91189121808247,-0.279300099670349,0.14,0.128,1,"NDUFV1"
0.90778895818595,-0.279859456108913,0.125,0.121,1,"EMC3"
0.613218340246386,-0.280029066454284,0.291,0.272,1,"MGAT4A"
2.77603026495425e-19,-0.280126587792981,0.998,0.994,6.19054749084798e-15,"MT-ATP6"
0.671577393721873,-0.280440488804229,0.243,0.208,1,"SSBP1"
0.526452970313477,-0.280837486441095,0.136,0.14,1,"TAOK3"
0.929288233439658,-0.280913958708513,0.172,0.159,1,"HADHA"
0.243183676652442,-0.281576691804527,0.263,0.261,1,"P4HB"
0.512000801985273,-0.282095368738222,0.156,0.157,1,"NOP56"
0.102195080933101,-0.282206384037031,0.314,0.315,1,"TRIR"
0.686638654386885,-0.282218101962918,0.117,0.107,1,"TOR1AIP2"
0.89732806851187,-0.282251274840838,0.129,0.124,1,"MORF4L1P1"
0.118822581790756,-0.28263795522815,0.29,0.295,1,"NUCKS1"
0.512849232350917,-0.28454081073795,0.118,0.124,1,"DERL1"
0.807070879126312,-0.284755203392711,0.116,0.115,1,"TOX4"
0.0269871451891425,-0.285075214231188,0.462,0.444,1,"ARL6IP4"
0.0967356681357262,-0.285262174705818,0.378,0.371,1,"DAZAP2"
0.918986166255165,-0.285335616429217,0.105,0.102,1,"RB1CC1"
0.697640819150259,-0.28537879469074,0.188,0.18,1,"RIPOR2"
0.822656360594702,-0.285474746212697,0.219,0.205,1,"VMP1"
0.6536021291485,-0.285788013963513,0.198,0.174,1,"SEC11C"
0.982531188817559,-0.285853727124342,0.113,0.107,1,"LSM10"
1.72828928416056e-21,-0.286554703700489,0.998,0.998,3.85408510367806e-17,"MT-ND4"
0.0414998775302203,-0.286883753053827,0.369,0.368,1,"SYF2"
0.850919796342907,-0.28738120099482,0.211,0.188,1,"C19orf70"
0.850983701952869,-0.290107959139665,0.105,0.098,1,"PPP2R5E"
0.780098647689932,-0.290348409045904,0.146,0.144,1,"PHIP"
0.681666316720824,-0.291405174534569,0.13,0.128,1,"YY1"
0.281674351247177,-0.292126268961295,0.358,0.333,1,"TMED2"
0.187059306726708,-0.294757013172374,0.234,0.24,1,"CAPN2"
0.423649790002996,-0.295067408344501,0.128,0.107,1,"HMGA1"
0.00281958929105654,-0.29622368685951,0.478,0.482,1,"COX7B"
0.234206416014188,-0.296466716410622,0.184,0.192,1,"REEP5"
0.667157895130411,-0.296523399595398,0.148,0.147,1,"GRB2"
0.717611248533009,-0.296591777962333,0.202,0.191,1,"BIN1"
0.467926885600007,-0.297441320696422,0.142,0.147,1,"MPC1"
0.513143487257869,-0.298159143266044,0.111,0.095,1,"TPM4"
0.115750754003383,-0.298403850631667,0.341,0.337,1,"C9orf78"
0.922847784898535,-0.298885817318859,0.133,0.128,1,"LONP2"
0.429263638282089,-0.299411360330761,0.141,0.145,1,"FKBP2"
0.030580022030551,-0.301004743333098,0.626,0.602,1,"CDC42"
0.393639513650533,-0.301783911257643,0.109,0.118,1,"ZNF622"
0.66706363800969,-0.30236465283247,0.151,0.148,1,"ZNF292"
0.271421450762805,-0.304071083719868,0.224,0.224,1,"ARHGEF1"
0.0651085331259912,-0.304314938942212,0.409,0.398,1,"RHOA"
0.148219049778502,-0.305361571323266,0.288,0.289,1,"RNMT"
0.912885509082977,-0.305367831800031,0.206,0.191,1,"RALY"
0.20239888260778,-0.305764186361874,0.293,0.29,1,"NDUFB4"
0.068752971287625,-0.306921326466415,0.329,0.334,1,"MT-ND4L"
0.606046303541343,-0.307191954317403,0.16,0.16,1,"BLOC1S2"
0.826139808888743,-0.307949310928466,0.221,0.203,1,"FAM107B"
0.508494800265248,-0.308109317736952,0.22,0.211,1,"RPS19BP1"
0.554317237183797,-0.308159190908921,0.114,0.118,1,"NDUFAF3"
0.148450763634107,-0.3092984010361,0.433,0.412,1,"CD7"
0.0323757933461556,-0.310086633008483,0.291,0.307,1,"COPE"
0.797833171805828,-0.310298793594808,0.122,0.111,1,"NDUFA10"
0.616838118162977,-0.311360276525125,0.123,0.124,1,"TXNDC12"
0.189135249411826,-0.312943286537723,0.175,0.186,1,"ZNHIT1"
0.851460943263806,-0.313145918552973,0.182,0.173,1,"GIMAP7"
0.912571064369964,-0.313535745902167,0.239,0.214,1,"CIR1"
0.0252981718577173,-0.314003835212249,0.482,0.461,1,"COX6A1"
0.00900637698620148,-0.314179071687428,0.427,0.437,1,"IL2RG"
0.816445197737631,-0.314970829802469,0.111,0.108,1,"GNB1"
0.00847858170784683,-0.315246901191123,0.3,0.327,1,"RUNX3"
0.561140765588922,-0.316214420076462,0.233,0.224,1,"R3HDM2"
0.265116236913954,-0.318203042179553,0.247,0.247,1,"CD6"
0.481949616325887,-0.318317575163659,0.122,0.127,1,"PMPCB"
0.811774498660626,-0.318630883579193,0.171,0.163,1,"SRP19"
0.094024083862234,-0.318734420752449,0.359,0.348,1,"PRR13"
0.242303835003265,-0.318920516346876,0.11,0.124,1,"TMEM109"
0.981793515575241,-0.319036550112473,0.139,0.131,1,"KDM5A"
0.0815412528888348,-0.319144391695585,0.305,0.311,1,"VSIR"
6.20316670258494e-50,-0.320315460061349,1,1,1.38330617467644e-45,"TMSB4X"
0.73182723595498,-0.321480935610514,0.138,0.134,1,"EMD"
0.438493976488363,-0.322383266591644,0.106,0.113,1,"GBP2"
0.9140265248771,-0.322987732889255,0.117,0.113,1,"MRPL43"
0.069876520837275,-0.324015511423431,0.302,0.311,1,"EVL"
0.673737088450783,-0.324491980737583,0.158,0.156,1,"MT1X"
0.581833714600654,-0.325254080929619,0.195,0.188,1,"APH1A"
0.491243021646763,-0.325756334027358,0.099,0.105,1,"CDS2"
0.389310126084699,-0.325862631124663,0.141,0.147,1,"MOAP1"
0.0011798714629959,-0.326028635157657,0.547,0.54,1,"ELOB"
0.249877005313504,-0.326570075480821,0.14,0.151,1,"TMCO1"
0.898530075617946,-0.327233533477001,0.332,0.301,1,"HBA1"
0.00360481322334003,-0.327812506463446,0.392,0.414,1,"HLA-F"
0.333764703540484,-0.328892378705909,0.175,0.179,1,"XRCC5"
0.656459333517096,-0.330094739837779,0.107,0.108,1,"COX6A1P2"
0.462891994382159,-0.331084439844,0.204,0.202,1,"HP1BP3"
0.613906461813413,-0.331193032310544,0.119,0.121,1,"NUTF2"
0.886660717273328,-0.331685024692138,0.14,0.133,1,"NME2P1"
0.713970959121641,-0.33169093170371,0.106,0.105,1,"KLHL24"
0.0803552141549775,-0.333511653249321,0.332,0.331,1,"N4BP2L2"
0.5302744513743,-0.33382022448454,0.207,0.202,1,"EIF3I"
0.653146046645139,-0.333970561080179,0.135,0.134,1,"KIAA1143"
0.31687589398087,-0.335688185070391,0.168,0.174,1,"PCIF1"
0.723621804715173,-0.336285650934295,0.109,0.108,1,"AATF"
0.487855247283631,-0.336463236377279,0.104,0.11,1,"SRPRA"
0.129508376719131,-0.336917890112171,0.275,0.276,1,"PRPF38B"
0.546656058222392,-0.336951558697205,0.147,0.148,1,"PLEKHA3"
0.343151713916347,-0.337091554458174,0.198,0.198,1,"AKAP13"
0.461477727045774,-0.337137892877864,0.12,0.125,1,"VCP"
0.0553775992101079,-0.337255203339746,0.291,0.301,1,"ATP5J2"
0.152406447122676,-0.337969641661066,0.269,0.27,1,"SIVA1"
0.168797133653984,-0.338462201025379,0.239,0.244,1,"COX5A"
0.55563789667361,-0.338607394075642,0.242,0.227,1,"LAMTOR1"
0.409845068352856,-0.339753160437242,0.168,0.171,1,"SERPINB1"
0.593967543119945,-0.339951527962113,0.135,0.134,1,"RPS26P8"
0.83885122247541,-0.340641124050584,0.131,0.119,1,"RABGGTB"
0.28209278784102,-0.341177325699751,0.213,0.215,1,"AURKAIP1"
0.94517534047332,-0.342093012242467,0.123,0.115,1,"MRPL11"
1.2369430218826e-34,-0.342807476967574,0.999,1,2.75838293879821e-30,"MT-CO2"
0.326755454499206,-0.343008902764799,0.219,0.22,1,"FKBP8"
0.0646078739922291,-0.343023225603928,0.389,0.385,1,"PDIA3"
0.0634901457949698,-0.343025474937784,0.278,0.299,1,"DDX6"
0.85332471693173,-0.344466743010676,0.181,0.171,1,"CBX3"
0.931342872801732,-0.344593367474187,0.141,0.13,1,"CDKN2D"
0.778284488979607,-0.345299529414828,0.109,0.108,1,"GLO1"
0.833209824188735,-0.346052523344792,0.102,0.101,1,"ZFAND6"
0.155464078188607,-0.346965530594185,0.223,0.229,1,"ACP1"
0.424785329902733,-0.347262603945071,0.162,0.163,1,"FTLP3"
0.0764571494866842,-0.347301315442463,0.318,0.316,1,"SUMO1"
0.30228089709708,-0.347436965794009,0.296,0.282,1,"ISCU"
0.470403849430732,-0.348092629715988,0.125,0.128,1,"ELOF1"
0.668138998940009,-0.349021634591013,0.109,0.096,1,"GABPB1"
0.0295774234063978,-0.349827853939277,0.527,0.501,1,"S100A9"
0.56879043182718,-0.350448795821456,0.1,0.104,1,"SCNM1"
3.26094179240764e-16,-0.351623617050627,0.992,0.998,7.27190019706903e-12,"ACTB"
3.40393190321542e-05,-0.35287452883858,0.666,0.672,0.759076814417038,"PSME1"
7.85290208191719e-10,-0.352924038542204,0.84,0.837,1.75119716426753e-05,"OAZ1"
0.0963785024284088,-0.353898997394618,0.226,0.24,1,"RC3H1"
0.0813189769502777,-0.35447123911641,0.381,0.369,1,"PSME2"
0.930977031207399,-0.356154251675227,0.156,0.147,1,"ECH1"
0.756727449458482,-0.357297952748815,0.129,0.127,1,"IDH3B"
0.0021244461979421,-0.357351006329695,0.351,0.383,1,"TMA7"
0.0114320222071688,-0.357442390386794,0.409,0.412,1,"ATP5G3"
0.0122898543102775,-0.358273043205714,0.448,0.44,1,"PSMA7"
0.38516086929809,-0.358378661675709,0.164,0.168,1,"DERL2"
0.314513013203051,-0.359856615401875,0.187,0.189,1,"MAF1"
0.810975354820007,-0.360352331283528,0.112,0.11,1,"XRN2"
0.498562206468441,-0.361104050192213,0.121,0.125,1,"SEMA4D"
0.476435292573744,-0.361156372552494,0.126,0.13,1,"TXN2"
0.333014835637198,-0.361811509299718,0.191,0.191,1,"MEAF6"
0.465596261403185,-0.362243577482174,0.114,0.119,1,"ZNF655"
0.337989588709229,-0.362512156778693,0.142,0.148,1,"VDAC3"
0.405826852367154,-0.362647018962743,0.097,0.107,1,"ZNF121"
0.0717336334236306,-0.363000262750317,0.221,0.237,1,"PSMB6"
0.00218905180916027,-0.363492911511319,0.436,0.435,1,"NEDD8"
0.529473816250818,-0.363679182555222,0.106,0.111,1,"INSIG1"
0.827914549951057,-0.363693083155481,0.169,0.159,1,"SSR3"
0.528537103395326,-0.363894912208206,0.102,0.107,1,"ERICH1"
0.133738960579971,-0.364577593371962,0.381,0.369,1,"CAPZA1"
0.000436091539802838,-0.364626359453542,0.626,0.617,1,"PTPRC"
0.902019217092038,-0.36499896307234,0.124,0.115,1,"KPNB1"
0.285623463180568,-0.365441161257141,0.188,0.194,1,"SRSF10"
0.509541868821253,-0.367058845106319,0.109,0.113,1,"PPIE"
0.291882613659665,-0.367704352970942,0.218,0.22,1,"MRPL41"
0.127394666269644,-0.367816070294301,0.257,0.26,1,"FKBP1A"
0.0359212914587746,-0.368050079802665,0.319,0.333,1,"MRPL54"
0.384417396918182,-0.368710076650198,0.149,0.154,1,"NDUFB6"
0.0105435897554471,-0.36878324687811,0.427,0.42,1,"CIB1"
0.253170250031405,-0.36989869902508,0.2,0.208,1,"DYNLT1"
0.151318271695942,-0.369992581152076,0.279,0.273,1,"SPCS2"
0.363109947699119,-0.372274965018234,0.164,0.169,1,"RPS26P11"
0.337165256760869,-0.372492977253537,0.162,0.166,1,"PDCD5"
0.143168564589157,-0.372991515525953,0.362,0.344,1,"STK4"
0.538226573423923,-0.373088803636373,0.128,0.13,1,"APEX1"
0.514551093884765,-0.373521499384474,0.134,0.137,1,"AC027309.2"
0.614014614237095,-0.375968297460084,0.118,0.119,1,"LENG1"
0.24538377998071,-0.376525573131411,0.147,0.159,1,"NEMF"
0.00649531898638837,-0.37676049318792,0.437,0.452,1,"JTB"
0.505482653325719,-0.377275361782105,0.246,0.231,1,"LSM3"
6.57944578987196e-06,-0.377736058119266,0.567,0.602,0.146721641114145,"C14orf2"
0.186777276045353,-0.378247021914303,0.214,0.224,1,"RAC1"
0.354405914313925,-0.378911657165007,0.093,0.102,1,"ZNF511"
0.488365636953136,-0.379167747716516,0.164,0.165,1,"ARL6IP1"
0.647944427169651,-0.379361050422932,0.099,0.101,1,"TIMM13"
0.301758410530642,-0.379806463661432,0.188,0.191,1,"SNRPA1"
0.777233644052167,-0.380238135360801,0.136,0.133,1,"TMEM87A"
0.368134489955469,-0.38064742542323,0.127,0.134,1,"POLR2E"
0.238528073687845,-0.380947304150562,0.132,0.142,1,"ABHD14A"
0.711712937107013,-0.380993681322204,0.105,0.105,1,"IL12RB1"
0.24475564624347,-0.382010449504523,0.194,0.198,1,"C7orf73"
1.74720527628674e-06,-0.383003087944428,0.659,0.663,0.0389626776611943,"PPIA"
0.466732940487,-0.383908571467523,0.099,0.105,1,"YIPF4"
0.222462400650818,-0.384388508611473,0.102,0.116,1,"ACTN4"
0.252435146176876,-0.384500910139342,0.212,0.215,1,"ATP5I"
0.324689085498939,-0.385094966895997,0.155,0.16,1,"GTF3C6"
0.69612337158342,-0.385845378418001,0.108,0.108,1,"SEPT2"
0.224898983655556,-0.386132511672357,0.242,0.249,1,"B4GALT1"
0.406175205543036,-0.386172475991612,0.122,0.128,1,"SAP30BP"
0.065774328691691,-0.386939215720327,0.3,0.305,1,"NDUFB8"
0.488994684429836,-0.387119582065496,0.101,0.107,1,"TINF2"
0.000388448395951267,-0.389074515637089,0.431,0.461,1,"POMP"
0.937398260783889,-0.389380541818825,0.123,0.116,1,"RBM5"
0.910914913410381,-0.389588073500379,0.103,0.099,1,"RBM22"
0.0158013293442081,-0.389702495266827,0.278,0.304,1,"TMEM50A"
0.507268407796151,-0.390755467303598,0.143,0.144,1,"RSF1"
0.325256377275593,-0.390978544466001,0.106,0.116,1,"COMMD7"
0.531764850665636,-0.390999598296643,0.101,0.105,1,"MLF2"
0.209222489016948,-0.391412813513158,0.152,0.166,1,"DDX17"
1.20379730996602e-35,-0.392696473425453,0.995,0.997,2.68446800122422e-31,"TMSB10"
0.3667448629254,-0.396927429624869,0.121,0.13,1,"DNAJC1"
0.252393754397121,-0.397703313767725,0.16,0.166,1,"PSMD4"
0.494704058750552,-0.3987524417992,0.159,0.159,1,"DBNL"
0.294064730228444,-0.39956686602081,0.172,0.177,1,"DGUOK"
3.99457211866669e-79,-0.400233124770628,1,1,8.90789582462671e-75,"MALAT1"
0.655434107803334,-0.401683815014918,0.115,0.115,1,"RNASEH2C"
1.72233706233428e-06,-0.402344523580868,0.589,0.612,0.0384081164900544,"GUK1"
0.290546057974892,-0.406413752583015,0.138,0.147,1,"SDF4"
1.19879389982324e-06,-0.406443598149859,0.589,0.629,0.0267331039660584,"EMP3"
0.779445690494917,-0.406652101885794,0.111,0.108,1,"PDCD2"
0.151216269895158,-0.409228661063984,0.164,0.179,1,"DCTN3"
0.68921041771434,-0.409867529249449,0.105,0.105,1,"IL27RA"
0.264474692514046,-0.410069662859911,0.161,0.169,1,"MRPL47"
5.83615707227629e-05,-0.410088531875178,0.468,0.495,1,"COX8A"
0.369977732287567,-0.410411608829016,0.093,0.102,1,"RAB8B"
0.649139046859397,-0.410983675863846,0.136,0.134,1,"GLRX"
0.286923646012338,-0.411183267427152,0.237,0.234,1,"ATG12"
0.133054819292714,-0.41358070771593,0.245,0.25,1,"ACTR2"
0.214540635815562,-0.414156104621275,0.199,0.205,1,"EMC10"
0.100403930662808,-0.414286625040335,0.251,0.263,1,"LSM8"
0.44465944850229,-0.414329280968178,0.107,0.113,1,"ABI1"
0.105547877699612,-0.414373337706597,0.219,0.234,1,"SAR1A"
0.468401805546429,-0.41530995252975,0.145,0.148,1,"DDOST"
0.00314862761666502,-0.415332086952597,0.314,0.344,1,"FAM49B"
0.160657258054819,-0.415811269781587,0.218,0.223,1,"LAMP1"
0.372516152667866,-0.415857689921226,0.11,0.119,1,"OGT"
0.287783606619737,-0.41591824959455,0.18,0.186,1,"GGNBP2"
0.074256411285044,-0.41650869699694,0.154,0.176,1,"SNRPD3"
0.149293237497241,-0.417012928250466,0.128,0.145,1,"PTPN22"
0.177636209871654,-0.417595387927337,0.22,0.224,1,"TBCB"
0.136138013780785,-0.417899120564505,0.227,0.232,1,"NDUFA11"
2.89249748992842e-16,-0.417979464012116,0.911,0.918,6.45026940254037e-12,"HLA-E"
0.471699364372964,-0.419113329338358,0.116,0.122,1,"RBBP7"
1.46123440942353e-06,-0.41982427551635,0.59,0.594,0.0325855273301448,"COX6B1"
9.6997420307134e-05,-0.420490208404805,0.422,0.458,1,"TPM3"
0.148662118006089,-0.420707813212554,0.164,0.179,1,"ROCK1"
0.323519097296302,-0.421480617928164,0.097,0.107,1,"NDUFS4"
0.238179520451532,-0.421672219677389,0.177,0.186,1,"SELENOS"
0.000355230077517055,-0.42171105288358,0.077,0.127,1,"IFNG"
0.0318506488624513,-0.423677774873597,0.351,0.351,1,"DRAP1"
0.188522220634738,-0.424198549750101,0.157,0.168,1,"AC006463.2"
0.19391961416932,-0.424285168356404,0.152,0.165,1,"H3F3AP4"
0.13627085619543,-0.425323414577675,0.121,0.139,1,"ARIH2"
0.919337280403183,-0.425884469107907,0.113,0.107,1,"LSM2"
0.208309726365863,-0.426384333265625,0.173,0.182,1,"WASF2"
0.562059278289367,-0.426414413689498,0.157,0.156,1,"PPM1G"
0.0852851061526874,-0.426744828056982,0.216,0.231,1,"ATRAID"
6.34802237242364e-08,-0.427824517405935,0.644,0.672,0.00141560898905047,"MYL12B"
0.311696946646446,-0.428589840611224,0.137,0.147,1,"SREK1IP1"
0.0054496497338164,-0.428662065128245,0.302,0.339,1,"CLEC2B"
0.235730344036023,-0.428955305946382,0.089,0.102,1,"PTAR1"
0.308233841886412,-0.430602692003223,0.118,0.127,1,"HERC1"
0.000576115539316978,-0.43132062387445,0.314,0.356,1,"PARK7"
0.0194452146023692,-0.431391886639653,0.25,0.272,1,"LAMTOR5"
0.0408510516623761,-0.431676320459878,0.205,0.227,1,"NDUFA6"
0.661192176281208,-0.432247691716704,0.111,0.11,1,"FIBP"
0.139374484219414,-0.432431485142467,0.193,0.205,1,"ETS1"
0.197950083254156,-0.432807141051593,0.233,0.234,1,"S100A11"
0.0865431525471088,-0.434145478449749,0.173,0.192,1,"SUPT4H1"
0.0113211446964981,-0.434710571810635,0.285,0.304,1,"MED10"
0.236301461976011,-0.434863595875679,0.105,0.118,1,"NAE1"
0.698556313799477,-0.435362553146085,0.109,0.108,1,"CCT6A"
0.819346951059559,-0.436035034369506,0.142,0.134,1,"MRPL23"
0.253897222577144,-0.436713508091186,0.092,0.104,1,"PPIH"
0.042545433343327,-0.436901310537876,0.176,0.202,1,"VASP"
3.1375867013378e-05,-0.437638980196834,0.451,0.496,0.69968183439833,"RAC2"
1.18598867361048e-07,-0.43766766799885,0.524,0.597,0.00264475474215137,"LITAF"
0.215618379952733,-0.437975793553233,0.128,0.14,1,"NDUFB4P12"
6.10366163560935e-06,-0.43884018286413,0.429,0.478,0.136111654474089,"TMEM59"
0.25200447758654,-0.439216964131315,0.121,0.133,1,"FAM32A"
4.14579516251941e-14,-0.440068751833842,0.851,0.858,9.24512321241828e-10,"MYL6"
0.574348764534412,-0.44068537847739,0.128,0.13,1,"DECR1"
0.251528206392221,-0.443185615323827,0.152,0.16,1,"YTHDC1"
0.113757599447091,-0.444453665209348,0.194,0.208,1,"BNIP2"
7.27068848513371e-59,-0.445361492584619,1,0.998,1.62136353218482e-54,"MT-CO1"
0.0958186532375629,-0.445564185574148,0.225,0.237,1,"SKAP1"
0.596448309204769,-0.446859502823436,0.117,0.118,1,"PTGER2"
0.201326361248414,-0.447918927158832,0.113,0.127,1,"C15orf61"
0.0730844694084745,-0.448315733991108,0.166,0.188,1,"RASSF5"
0.428658764154716,-0.449178597610923,0.136,0.14,1,"COX19"
0.163787824529049,-0.449808409922615,0.15,0.163,1,"PDCD6"
0.0836228067107158,-0.449953341855663,0.273,0.279,1,"ANKRD44"
0.304527649126895,-0.451393166345147,0.101,0.111,1,"KRR1"
4.40687990227697e-11,-0.452693218403646,0.729,0.756,9.82734218207765e-07,"MT-ND6"
0.34814098846124,-0.453316129068675,0.144,0.151,1,"RAB11A"
4.44626670027169e-05,-0.454633116242393,0.455,0.487,0.991517474160588,"SEPT7"
0.00537865619669656,-0.45517377956828,0.327,0.362,1,"PIP4K2A"
3.40446264801192e-11,-0.455791451119071,0.749,0.769,7.59195170506658e-07,"SRP14"
0.286095012578164,-0.457289814267669,0.158,0.165,1,"LAT"
0.0270380400379044,-0.457574175997856,0.222,0.25,1,"SUMO3"
0.293396962345515,-0.457975553791117,0.196,0.195,1,"ORMDL1"
0.120306712655452,-0.458884669765375,0.201,0.212,1,"TBCC"
0.330385522454305,-0.458928166510188,0.097,0.107,1,"FRG1"
0.0271421445162229,-0.459842248091319,0.219,0.246,1,"JMJD6"
0.959595119771225,-0.461097107759316,0.105,0.099,1,"NMRK1"
0.341603803549107,-0.461151095307318,0.109,0.118,1,"BPTF"
0.392724282448715,-0.4612892855608,0.101,0.107,1,"NLRP1"
0.0104754738574449,-0.462024815884268,0.214,0.246,1,"AP2M1"
0.715099874427251,-0.462291910191091,0.104,0.104,1,"ETHE1"
1.16500470111045e-12,-0.462544965056691,0.805,0.832,2.59796048347629e-08,"MYL12A"
0.32153939672735,-0.462834989085384,0.126,0.133,1,"PSENEN"
0.194863233278875,-0.46304245171384,0.1,0.115,1,"PRPF4B"
9.14710249660774e-09,-0.46368029558088,0.678,0.728,0.000203980385674353,"TRBC2"
0.675636942718934,-0.463718220454988,0.104,0.104,1,"HINT2"
0.138590051481205,-0.464076798811376,0.091,0.108,1,"TMEM33"
0.17913366802198,-0.46414611895449,0.142,0.154,1,"PSMD9"
0.169761971254766,-0.464546326910586,0.145,0.157,1,"MANF"
0.318867352254483,-0.465127137368133,0.14,0.147,1,"CHMP2A"
0.0540449431571775,-0.466539093975565,0.19,0.211,1,"PTP4A2"
0.102946438296969,-0.466791702287796,0.185,0.198,1,"SF3B2"
0.00705735733867144,-0.466812265948722,0.358,0.366,1,"COPS9"
0.304483417901549,-0.467143732732232,0.2,0.198,1,"MPC2"
0.0021599028434957,-0.468001813334759,0.378,0.4,1,"LRRFIP1"
0.114940765933074,-0.468422389918141,0.204,0.218,1,"OSTF1"
0.064670515264288,-0.470783280855611,0.163,0.185,1,"TNFRSF1B"
0.0121719246376282,-0.472368611263314,0.264,0.287,1,"MIER1"
0.103515963829777,-0.472786076866808,0.203,0.215,1,"DNAJC8"
0.0489934060523415,-0.473442390040807,0.181,0.205,1,"FOSL2"
0.143391487029914,-0.47357535531588,0.113,0.13,1,"IFI6"
0.6030081288923,-0.474996388417444,0.125,0.127,1,"MTPN"
0.156436394421419,-0.47560438533837,0.104,0.119,1,"PARP14"
0.325533729863562,-0.476501386292141,0.111,0.119,1,"CCDC115"
0.00356585628990414,-0.476661416612228,0.338,0.36,1,"SELENOT"
0.127309343543292,-0.478785123074164,0.14,0.156,1,"NCBP2-AS2"
0.0176508242938471,-0.480124470187019,0.113,0.147,1,"METRNL"
0.0854110322329488,-0.480841352143989,0.148,0.166,1,"SHISA5"
0.0637648244978314,-0.480901844858848,0.163,0.188,1,"LBH"
0.307466761148844,-0.481534118249482,0.094,0.104,1,"Y-RNA.200"
0.0750249015727527,-0.481537004213326,0.164,0.183,1,"PDAP1"
0.0919748288866795,-0.483216461705034,0.144,0.162,1,"RBCK1"
0.0105097023333906,-0.483594547995904,0.295,0.324,1,"ARF6"
0.174536239669108,-0.484874379224669,0.106,0.121,1,"H2AFY"
0.10930567827389,-0.484905856357335,0.19,0.203,1,"BST2"
9.68787636728175e-09,-0.48561559699291,0.591,0.638,0.000216039642990383,"ARPC3"
0.261881865298898,-0.486581487481508,0.101,0.111,1,"CENPX"
0.68225310812675,-0.486816834500482,0.11,0.11,1,"BOLA3"
0.167174554680759,-0.488316734537192,0.125,0.139,1,"MLLT6"
0.126425081748813,-0.488624710288232,0.097,0.116,1,"PTPN7"
0.0068308165359804,-0.489024408193813,0.211,0.246,1,"NDUFC2"
0.113916290076963,-0.489587158939571,0.136,0.154,1,"SDHD"
0.0541877727532728,-0.491001935621943,0.227,0.243,1,"SIGIRR"
0.406218560253282,-0.491431530651671,0.097,0.104,1,"DDA1"
0.126875036541159,-0.49257934041712,0.16,0.174,1,"NDUFS8"
0.229956742990671,-0.492729141481843,0.108,0.121,1,"CSNK1D"
0.503379969028166,-0.493043375902538,0.114,0.118,1,"PYCARD"
0.0137159174466329,-0.493288226346882,0.253,0.273,1,"ATP6V1F"
0.0839045783718442,-0.493294014506892,0.141,0.162,1,"RCN2"
4.94376118021296e-06,-0.493779451708491,0.401,0.455,0.110245874318749,"C9orf16"
0.125382029017946,-0.494500663210007,0.096,0.115,1,"TXNDC17"
0.000401832536790612,-0.494993021117508,0.304,0.347,1,"HSP90B1"
0.23357869239864,-0.495529680092727,0.093,0.105,1,"COMT"
0.327741711663134,-0.497938641373226,0.121,0.128,1,"PHPT1"
0.0128616626668558,-0.499794662779353,0.233,0.26,1,"HCLS1"
0.115796126095205,-0.500410340218482,0.16,0.174,1,"SP100"
0.0415634070479135,-0.500959265940118,0.197,0.218,1,"MBP"
0.0214649397818653,-0.503793359390684,0.264,0.281,1,"ANXA6"
0.00234217158004856,-0.504708700902913,0.312,0.347,1,"TPI1"
0.122853388213936,-0.50578709827871,0.118,0.136,1,"ETNK1"
0.120618822196944,-0.506028131121876,0.128,0.145,1,"ZMAT2"
0.218772305035559,-0.506268402493819,0.119,0.131,1,"PAFAH1B1"
0.00277594067898604,-0.506761075038355,0.274,0.315,1,"PSMA3-AS1"
0.384887105540972,-0.507378759638165,0.101,0.108,1,"KMT2A"
9.93154592663500e-20,-0.508651588867564,0.857,0.89,2.21473474163961e-15,"MT-ND5"
0.165249108513821,-0.508654791277097,0.17,0.18,1,"OPTN"
3.55196938475317e-07,-0.508689092267046,0.448,0.507,0.00792089172799957,"TMSB4XP4"
0.000238956002888303,-0.51130064128485,0.201,0.264,1,"MAP3K8"
0.109961940647741,-0.51432154067699,0.202,0.212,1,"MGST3"
0.114931026942586,-0.515566290430226,0.148,0.166,1,"TROVE2"
0.00831619895250202,-0.515818346670912,0.285,0.308,1,"ARPC4"
0.00857190245823485,-0.516162554511076,0.208,0.241,1,"RAB5C"
0.384151395950411,-0.517143759415969,0.199,0.195,1,"TUBB"
0.0103920890412029,-0.517974946061236,0.24,0.269,1,"PSAP"
0.0122372385419863,-0.518389125230906,0.172,0.206,1,"GPR65"
0.395175509983147,-0.519529676672284,0.129,0.133,1,"PGLS"
0.529598279498329,-0.52164306379397,0.117,0.119,1,"KLF13"
0.00319949687269783,-0.522271921012577,0.288,0.319,1,"SH3BGRL"
0.494261795679825,-0.523504540946183,0.108,0.111,1,"FERMT3"
1.8846662906474e-25,-0.523934672366314,0.899,0.94,4.2028058281437e-21,"CFL1"
0.341531880037627,-0.526195509681168,0.104,0.111,1,"NARF"
0.000821493492641096,-0.527386430546586,0.301,0.337,1,"CD47"
0.0610041389685441,-0.528359717181801,0.169,0.189,1,"MOB1A"
0.0569598773199707,-0.528741306391665,0.118,0.142,1,"DR1"
0.156114600702121,-0.5291118428605,0.113,0.128,1,"BIRC6"
0.0435829744115514,-0.530709393582755,0.148,0.174,1,"POLR2G"
0.149535273439597,-0.530772195557862,0.113,0.13,1,"EIF6"
0.00722946400506432,-0.532706666638959,0.251,0.278,1,"PSMB8"
0.252228308362535,-0.533338400952434,0.099,0.11,1,"TMF1"
0.012606080726083,-0.534935054593917,0.18,0.212,1,"DDX46"
0.112293380435301,-0.535792035082995,0.164,0.179,1,"GOLGA4"
0.00530565216733179,-0.536556306488257,0.264,0.293,1,"POLR2J"
0.00213193447213085,-0.537553262467479,0.157,0.202,1,"STAT4"
0.162195212621526,-0.538473033098188,0.113,0.128,1,"AKR1B1"
0.0543426901289843,-0.542063731361583,0.105,0.13,1,"RAB27A"
0.199475069326631,-0.543950039445645,0.108,0.122,1,"ZNF83"
1.91455202566673e-29,-0.544418674328085,0.902,0.918,4.26945101723682e-25,"SERF2"
2.8619522125013e-06,-0.544853984284675,0.425,0.478,0.0638215343387789,"TXNIP"
0.0874630672641279,-0.546785581658351,0.114,0.134,1,"PSMA5"
0.201456143719635,-0.547755988908085,0.156,0.165,1,"FBXO7"
0.011976824417622,-0.54833369371406,0.228,0.255,1,"NDUFB10"
0.00966186267809905,-0.548335885671529,0.171,0.205,1,"SYTL1"
0.00573861284206427,-0.54848627679023,0.255,0.281,1,"PRDX5"
0.0667708764839521,-0.549111010375576,0.105,0.127,1,"ZBTB8OS"
0.14730632347753,-0.549659947583199,0.099,0.115,1,"NUBP2"
0.52680597479978,-0.550191891859032,0.101,0.104,1,"C8orf59"
0.0313029620057199,-0.550459369801681,0.158,0.185,1,"LINC00861"
0.209788226791383,-0.551108738703855,0.107,0.119,1,"MRPL22"
0.352927440705702,-0.552070912474403,0.096,0.104,1,"TMX1"
4.02957210039132e-90,-0.552695910747896,0.999,0.998,8.98594578387264e-86,"HLA-B"
0.128182797482567,-0.55491787673313,0.105,0.122,1,"LLPH"
0.22989076016271,-0.555843106023674,0.09,0.102,1,"GNB2"
0.267609327893956,-0.556864481877474,0.132,0.142,1,"SMIM7"
0.126628577970536,-0.557785641700369,0.117,0.134,1,"LRP10"
0.0331989823135899,-0.560252622350402,0.14,0.166,1,"NUCB1"
0.37407211725806,-0.56061402031883,0.122,0.127,1,"CYFIP2"
0.18105891580682,-0.562959311386743,0.115,0.128,1,"CHCHD5"
0.0337762749569308,-0.562977174885563,0.186,0.208,1,"SEC11A"
0.022661129724352,-0.562992043179809,0.118,0.147,1,"PTRHD1"
0.133477607658452,-0.563660436151283,0.156,0.169,1,"COPS8"
0.000315236370385707,-0.565238670450383,0.259,0.305,1,"CELF2"
0.0773460615242158,-0.565350141704696,0.148,0.166,1,"RASGRP2"
0.0380375330423275,-0.567136017964407,0.184,0.206,1,"DDX39A"
0.0143890992526696,-0.569741430326162,0.186,0.215,1,"NXT1"
0.0994162348666348,-0.570069274445194,0.101,0.121,1,"STX8"
1.14823272989665e-148,-0.571599428898526,1,1,2.56055898766953e-144,"B2M"
2.71932657985097e-07,-0.571721169763137,0.426,0.472,0.00606409827306767,"ATP6V0E1"
0.0559114961181444,-0.572633376547498,0.152,0.176,1,"PAN3"
0.204806944414513,-0.573449567978216,0.093,0.107,1,"PPP3CC"
0.102626283583817,-0.573724924249748,0.109,0.128,1,"BANF1"
0.139153787566823,-0.574560230175177,0.114,0.13,1,"MFF"
0.0392455157533924,-0.574744922512953,0.16,0.18,1,"FDX1"
0.144460451041258,-0.578003936117057,0.104,0.119,1,"MTCH1"
0.246145750138919,-0.579114082389586,0.172,0.179,1,"ATM"
0.0552407270876695,-0.579414255115023,0.138,0.16,1,"CST3"
0.0073758477861265,-0.580701985278131,0.154,0.192,1,"AC027290.2"
0.00876402566180485,-0.581149110151711,0.159,0.192,1,"NDUFS6"
0.035373073651842,-0.581254465427868,0.144,0.171,1,"FNIP1"
0.00661801829504514,-0.581532506028429,0.252,0.275,1,"KLF3"
1.65815749794565e-07,-0.58276583766466,0.444,0.492,0.00369769122041879,"NDUFB2"
0.071295146385668,-0.585344265891961,0.086,0.108,1,"GIGYF1"
0.118865448439261,-0.585394827667913,0.085,0.102,1,"CDC42SE1"
0.00439710784179315,-0.585771956293261,0.265,0.292,1,"AES"
0.0250175231182191,-0.586059714276825,0.181,0.206,1,"TNFRSF14"
0.0777184585165297,-0.587105618998875,0.124,0.144,1,"IFITM3"
0.00293452615182062,-0.58935102498532,0.199,0.235,1,"MYH9"
0.157731230200264,-0.589615549538051,0.089,0.105,1,"PNKD"
0.0419129759842144,-0.589664943893827,0.107,0.134,1,"PLEKHA2"
0.00594453355186711,-0.591142389352024,0.214,0.246,1,"FIS1"
0.0326008449197764,-0.591388790123448,0.103,0.13,1,"GPAA1"
0.00244045440725418,-0.591583766765698,0.135,0.18,1,"MFSD10"
0.00449777359862787,-0.592384751349678,0.128,0.171,1,"PDZD8"
0.0109315831382021,-0.597078409827124,0.227,0.253,1,"TRAPPC1"
0.00724382508708042,-0.59723059629797,0.14,0.18,1,"HLA-DRB1"
0.00937644461018605,-0.598075353923215,0.159,0.195,1,"IFI27L2"
0.0498087655106439,-0.599643448062036,0.128,0.153,1,"MACF1"
0.000165965259306133,-0.599714102391278,0.244,0.296,1,"RBX1"
0.0404467029991715,-0.603963549230925,0.134,0.157,1,"ARRB2"
0.0670715280141951,-0.605004486355337,0.113,0.136,1,"NAA50"
0.0807149955008058,-0.605011076817328,0.105,0.125,1,"ING3"
0.0469454910951189,-0.605211738513327,0.107,0.131,1,"HSD17B10"
0.00022907439840737,-0.605447391022745,0.243,0.293,1,"AP002784.2"
0.309379071811574,-0.60551154941684,0.115,0.124,1,"KAT7"
0.229462349107508,-0.606421397539612,0.105,0.116,1,"TSR2"
0.266046897168724,-0.607677594947478,0.112,0.124,1,"CBX6"
4.16550915381665e-07,-0.608002144590453,0.368,0.429,0.00928908541301112,"PSMB9"
0.165873907348319,-0.608593884815032,0.086,0.101,1,"POLR2B"
0.112859979197198,-0.609945105978392,0.099,0.116,1,"TSC22D4"
0.119953064817635,-0.610593698745845,0.088,0.105,1,"NAXE"
0.173360791784891,-0.611619364909304,0.148,0.159,1,"GNAI2"
0.117684828266976,-0.611629791539883,0.116,0.133,1,"CASP8"
0.0420436592380966,-0.611947335171396,0.148,0.173,1,"CRIPT"
0.00740240929147635,-0.612276325625852,0.148,0.188,1,"RNF168"
0.00199911067825662,-0.614683613149351,0.257,0.29,1,"RNF213"
0.145679457031327,-0.615428519798582,0.101,0.116,1,"ARPP19"
0.143683947613906,-0.615801055130366,0.091,0.107,1,"TMEM165"
0.00605246100590923,-0.61653241234197,0.119,0.159,1,"NLRC5"
0.00138208304840285,-0.619320877197311,0.176,0.221,1,"CCDC12"
0.145988301312635,-0.619533150225856,0.144,0.157,1,"MCRIP1"
7.01534248031712e-08,-0.619907025000693,0.384,0.45,0.00156442137311072,"CCND3"
0.0211701241708581,-0.620705126600272,0.167,0.194,1,"ITGB1BP1"
0.0840313663247667,-0.621001632207903,0.117,0.136,1,"PCMT1"
0.0712849089556757,-0.621010476241887,0.1,0.121,1,"RBM6"
7.41059624775843e-06,-0.621658971309123,0.315,0.369,0.165256296325013,"VAMP8"
0.0437395559193316,-0.622271037994846,0.116,0.14,1,"SH3GLB1"
0.114544734969197,-0.628272525872686,0.083,0.101,1,"BOD1L1"
0.107011061437707,-0.629334137169474,0.097,0.115,1,"PFDN1"
0.0955570876799699,-0.630208763390916,0.118,0.136,1,"PPP4C"
0.311112877440564,-0.630696363472623,0.103,0.111,1,"CASP1"
1.73851311927537e-28,-0.631794994558936,0.824,0.875,3.87688425598408e-24,"CD3D"
0.0819133421282996,-0.63306184850472,0.094,0.115,1,"SPPL2A"
0.705249610359142,-0.633664846132457,0.104,0.104,1,"FCER1G"
0.00253739854397419,-0.635919923885095,0.252,0.284,1,"TBC1D10C"
0.0984014432275683,-0.636064799972482,0.09,0.108,1,"SHKBP1"
0.025439635478293,-0.636655016368159,0.184,0.206,1,"SORL1"
0.0760128605584977,-0.637843422206401,0.095,0.116,1,"WDR20"
0.0214941539033797,-0.640114663759503,0.168,0.194,1,"ANXA2R"
1.01371537492979e-10,-0.641400333298472,0.49,0.562,2.26058528609342e-06,"RARRES3"
0.0253362076106657,-0.642210331288849,0.128,0.156,1,"MTCO1P40"
0.0972231165629067,-0.642462205037362,0.093,0.111,1,"CALR"
0.0358791034546898,-0.643042584907242,0.104,0.13,1,"RNF44"
1.01817373806639e-11,-0.643957503100759,0.415,0.511,2.27052743588806e-07,"CLIC1"
0.00425089276123218,-0.64435892383767,0.148,0.188,1,"EIF5B"
0.0671215302613569,-0.644916826018982,0.085,0.107,1,"RHOT2"
0.109574423726402,-0.645026205520101,0.086,0.104,1,"KCNAB2"
4.93719930358872e-07,-0.64596458829043,0.371,0.437,0.0110099544470028,"NOL4L"
5.07881583047934e-06,-0.647452914208217,0.337,0.395,0.113257593019689,"TAPBP"
0.165829283409881,-0.647641924156781,0.097,0.111,1,"ASAH1"
4.84541671561276e-05,-0.648247326161945,0.228,0.285,1,"BLOC1S1"
0.0269296057854168,-0.648313533075701,0.089,0.118,1,"SRA1"
0.017808498376076,-0.64845837609255,0.132,0.16,1,"PSMB2"
0.0633246489908598,-0.649030132180851,0.11,0.131,1,"THOC2"
4.23379065695197e-90,-0.65258678693901,0.998,0.995,9.4413531650029e-86,"HLA-C"
0.0593855296085177,-0.654775036639773,0.114,0.137,1,"STOM"
0.000315856408817175,-0.654941521074155,0.178,0.235,1,"KLRG1"
0.0989386435179644,-0.655533443988399,0.106,0.125,1,"MRPL51"
0.107535108581498,-0.657043496791696,0.149,0.163,1,"CAST"
1.44098552581913e-06,-0.657559875094159,0.314,0.373,0.0321339772257665,"RABAC1"
0.00505362318311308,-0.658518502556769,0.183,0.217,1,"GNG2"
0.0364152603885946,-0.659229385777877,0.083,0.108,1,"ERBIN"
0.032409910061505,-0.662181761680076,0.082,0.108,1,"CDC40"
0.087873551593927,-0.662342685306554,0.083,0.102,1,"ESYT2"
0.0703182337895782,-0.66425576121278,0.084,0.105,1,"IKZF3"
0.0151990812659709,-0.664792954934307,0.149,0.18,1,"AC005921.3"
5.43490637514214e-33,-0.666005319925457,0.875,0.933,1.2119841216567e-28,"S100A6"
1.85276226503334e-23,-0.667284999313789,0.672,0.768,4.13165985102435e-19,"HCST"
0.0034754388139734,-0.6680152034286,0.128,0.168,1,"RASAL3"
0.00211139867209564,-0.668768496808955,0.197,0.238,1,"THRAP3"
0.0486530181814363,-0.669236024466727,0.078,0.101,1,"MTPAP"
0.282179988526979,-0.669331061277388,0.122,0.13,1,"IQGAP2"
0.00644456351736068,-0.669491019126339,0.105,0.144,1,"TRG-AS1"
0.0093879664457219,-0.67081943098272,0.128,0.162,1,"PGAM1"
0.0355489603111598,-0.671162499795468,0.108,0.133,1,"CREBRF"
0.0347139243224459,-0.672668181346432,0.089,0.115,1,"SCAMP2"
0.000784643846684529,-0.673179905277247,0.166,0.215,1,"MYO1G"
0.000231556741824098,-0.674628392033667,0.231,0.281,1,"CTSS"
4.13027097429882e-06,-0.675402394628001,0.279,0.339,0.0921050427268638,"PSMB3"
0.03977341253965,-0.675741484971257,0.082,0.107,1,"TBPL1"
0.0529902074221165,-0.678087507816276,0.11,0.133,1,"TGOLN2"
0.119673393945893,-0.67852729627121,0.089,0.107,1,"PSMA6P1"
3.30030700300784e-12,-0.680528353495444,0.459,0.548,7.35968461670747e-08,"MTCO1P12"
0.105831962358281,-0.680593978040735,0.1,0.118,1,"APBB1IP"
0.0327886982741239,-0.681445924046742,0.143,0.169,1,"ANKRD10"
0.0349445690370636,-0.682193766641402,0.077,0.102,1,"CDK2AP2"
0.0179963997347618,-0.684379060972829,0.158,0.185,1,"PPP1R18"
2.98597314692364e-10,-0.684542640318586,0.334,0.434,6.65872011763972e-06,"PNISR"
0.0851139425638554,-0.684914423243563,0.09,0.11,1,"BAG1"
0.0670359537499388,-0.685046779343026,0.09,0.111,1,"PSMC6"
0.0138199361865538,-0.685062676650541,0.143,0.173,1,"SSNA1"
0.00124180855800309,-0.685098410814516,0.231,0.27,1,"PPP1CA"
0.011974056369011,-0.685118588906329,0.103,0.136,1,"ORMDL3"
2.77537077462328e-05,-0.685386344684722,0.211,0.276,0.618907682740992,"AHNAK"
0.00370900832914059,-0.686571215839868,0.165,0.203,1,"SDF2L1"
3.00857622226725e-07,-0.693316851197163,0.334,0.4,0.00670912497565597,"LCP1"
0.0134923532436365,-0.694762817359284,0.137,0.169,1,"RMND5A"
2.98132765854042e-09,-0.695871149334393,0.226,0.336,6.64836067854514e-05,"HLA-DPA1"
0.00629136784376673,-0.695922940078728,0.149,0.185,1,"RNF166"
0.0626276420614545,-0.696249344770378,0.098,0.119,1,"ETFA"
7.19778059308558e-07,-0.69713265104371,0.331,0.405,0.0160510507225809,"TCF25"
0.215411841276137,-0.697618632314064,0.134,0.145,1,"BROX"
0.150139934288228,-0.698683312536127,0.12,0.136,1,"CHP1"
0.112447039710105,-0.699837252786338,0.111,0.128,1,"IGHGP"
0.10672722949838,-0.700070151421148,0.095,0.113,1,"GLG1"
0.00940850345074038,-0.700209097498445,0.109,0.145,1,"RALGAPA1"
0.0894541420822073,-0.703500801508961,0.091,0.11,1,"ZDHHC12"
1.10563420160541e-08,-0.70454876167089,0.188,0.293,0.000246556426958007,"CYTOR"
0.0453094557614797,-0.705037457224431,0.097,0.122,1,"SRSF4"
0.0756909309710007,-0.711245898871355,0.127,0.147,1,"CFLAR"
2.68870019950855e-05,-0.712244951373628,0.235,0.295,0.599580144490406,"BSG"
0.171681009890612,-0.713554643301467,0.091,0.104,1,"NME4"
0.000681117349754033,-0.714218953017032,0.166,0.214,1,"IDH2"
0.0414758972753629,-0.714997451917738,0.107,0.133,1,"APOL6"
0.0156092493956366,-0.715716794860055,0.112,0.142,1,"EBP"
7.56074253316902e-05,-0.716904607380726,0.193,0.252,1,"TMEM160"
0.0465908006693162,-0.717363075693826,0.111,0.134,1,"CDC25B"
0.00408716476775164,-0.722426820872477,0.066,0.102,1,"AOAH"
2.07349176133174e-07,-0.723964552611962,0.351,0.415,0.00462388662776977,"ARL6IP5"
0.00482751069192902,-0.725860438627946,0.114,0.151,1,"RNF181"
0.0336768382096261,-0.726667645373024,0.077,0.102,1,"SRSF1"
0.016707731867596,-0.726721298386382,0.081,0.111,1,"FRG1CP"
0.0880722967545475,-0.729835060920748,0.082,0.101,1,"MXD4"
2.8016037553256e-05,-0.729865014677929,0.198,0.261,0.624757637437608,"GNG5"
0.001000334996353,-0.731177981255506,0.134,0.183,1,"GLTP"
0.000197307642072615,-0.732011042949862,0.152,0.208,1,"RNF167"
0.0592078857900075,-0.733653056651243,0.087,0.108,1,"TP53TG1"
0.13496143681763,-0.736215390195038,0.092,0.108,1,"HDDC2"
0.000458757095556368,-0.739179575297187,0.116,0.166,1,"SDHC"
0.0785014227439318,-0.744670780008794,0.083,0.102,1,"MAPRE2"
0.0176016749389024,-0.744970969120117,0.105,0.134,1,"TTC14"
1.3351660152895e-05,-0.745350515993179,0.277,0.336,0.297742021409558,"CNOT2"
0.00255711941099734,-0.745458525619532,0.137,0.177,1,"PSMB8-AS1"
0.000139268844028321,-0.746968345771305,0.168,0.224,1,"AP2S1"
0.00935362657299711,-0.748988871865791,0.127,0.159,1,"RAB18"
3.92087680041992e-07,-0.750246020765481,0.256,0.334,0.00874355526493641,"WDR83OS"
0.0051531698162721,-0.750668131767737,0.091,0.127,1,"RNPEPL1"
0.00195585455349242,-0.757329414218662,0.17,0.212,1,"NAA38"
0.00344258654619456,-0.760422022878189,0.099,0.139,1,"NCR3"
0.0164483864494346,-0.761404644373812,0.089,0.119,1,"C2orf68"
3.52475309457985e-09,-0.764319999584552,0.294,0.386,7.86019940091306e-05,"BRK1"
0.0210222359662974,-0.766006928969846,0.08,0.107,1,"CELF1"
0.00735940119294625,-0.771348963320529,0.132,0.165,1,"CCDC69"
3.46162171555402e-06,-0.77145712153022,0.245,0.31,0.0771941642568546,"MSN"
2.74650344247819e-05,-0.773781383877747,0.169,0.234,0.612470267672637,"BHLHE40"
0.00281425263405516,-0.777904436286368,0.135,0.176,1,"BTN3A2"
0.00110271707433482,-0.778926915485004,0.117,0.162,1,"ADRM1"
1.26626394061725e-08,-0.78002904440502,0.359,0.435,0.000282376858757646,"PLAC8"
0.0117491391254223,-0.783185308603667,0.145,0.174,1,"ZAP70"
0.00576176879475605,-0.784867761542447,0.137,0.173,1,"ARHGAP30"
5.08082966333507e-05,-0.787825707260923,0.16,0.218,1,"ZNF428"
2.55487050945181e-05,-0.788454359299525,0.231,0.289,0.569736123607754,"MGEA5"
0.0112067072597786,-0.789558358344883,0.136,0.168,1,"PAFAH1B2"
1.29243725934913e-08,-0.791318131126828,0.302,0.383,0.000288213508834856,"YWHAQ"
0.000365997963139808,-0.79257623730153,0.181,0.232,1,"DOK2"
6.24868085417554e-61,-0.792667378004536,0.891,0.973,1.39345583048115e-56,"CD52"
0.00185460572390488,-0.793432278519668,0.126,0.168,1,"RASGRP1"
0.00456740293181326,-0.796062149557186,0.116,0.153,1,"MVD"
1.81766598421317e-10,-0.796286951234479,0.219,0.339,4.05339514479538e-06,"LINC01871"
0.00223165303538524,-0.79799391025839,0.114,0.156,1,"DIAPH1"
0.000602586177805383,-0.79879025492447,0.132,0.18,1,"ARPC5L"
2.68272547041024e-61,-0.799572978803998,0.923,0.977,5.98247779901485e-57,"PFN1"
0.00471546677243006,-0.799934834642941,0.116,0.151,1,"LAMTOR2"
8.74071536570994e-05,-0.802034592661014,0.165,0.223,1,"CARD16"
0.0170352618291828,-0.802143694449495,0.09,0.119,1,"TADA3"
0.00247148596057211,-0.802203776460841,0.086,0.125,1,"ANKRD54"
0.000195127849004984,-0.803676431400691,0.192,0.238,1,"DHRS7"
0.00468343952308955,-0.804122491039088,0.073,0.108,1,"BTN3A1"
5.21012022386375e-19,-0.809829620098556,0.461,0.6,1.16185680992162e-14,"GZMM"
0.0231670226572967,-0.810111343842439,0.104,0.131,1,"MED23"
0.00282969218889946,-0.819169519208872,0.116,0.156,1,"CYC1"
4.25597661426464e-73,-0.82091365847393,0.921,0.989,9.49082784981014e-69,"S100A4"
1.43119921388432e-05,-0.821203975178612,0.183,0.249,0.319157424696203,"RAP2B"
0.0150854839352277,-0.826448549394792,0.076,0.105,1,"ADAM8"
1.08018030627493e-08,-0.829906383176534,0.241,0.333,0.00024088020829931,"CD63"
0.0127164410907889,-0.830663388206855,0.071,0.101,1,"TNIP2"
0.00358154005317338,-0.832309650161534,0.076,0.113,1,"F2R"
1.40836504835965e-05,-0.833658200697064,0.125,0.192,0.314065405784202,"KLHDC4"
1.32190117394225e-32,-0.837186505382338,0.682,0.802,2.94783961789121e-28,"PPP2R5C"
0.0101374438950397,-0.839143391769002,0.081,0.113,1,"TACC1"
0.00713772282958234,-0.839315327758561,0.093,0.127,1,"COPZ1"
0.00759379564493429,-0.840471696816133,0.072,0.104,1,"SLC44A2"
6.00337953636216e-05,-0.84108727873915,0.136,0.194,1,"PTPN4"
0.000206298645941736,-0.841651565293874,0.091,0.142,1,"TFDP2"
4.25280850346827e-19,-0.847787557052658,0.405,0.556,9.48376296273424e-15,"LSP1"
0.00930601122617617,-0.850376459082969,0.085,0.118,1,"RPA2"
7.36096537350025e-16,-0.850567675960849,0.382,0.513,1.64149527829056e-11,"DBI"
0.000561219754786937,-0.852168606011155,0.115,0.163,1,"MRPS6"
0.00884874372799547,-0.85228944495297,0.082,0.115,1,"RNF115"
0.00148218417858954,-0.852980988282371,0.145,0.186,1,"TGFBR3"
2.92897891697091e-37,-0.858413137441798,0.465,0.753,6.53162298484513e-33,"GZMA"
0.00220699960302054,-0.861379992743455,0.086,0.127,1,"MRPL10"
7.82916982420602e-22,-0.861923591251505,0.484,0.62,1.74590487079794e-17,"PFN1P1"
0.0125145942769449,-0.867711087358144,0.077,0.107,1,"COMMD8"
0.00305524723574276,-0.872708834733749,0.084,0.122,1,"ITGAE"
0.0170431963772537,-0.872918968367988,0.105,0.134,1,"OTUB1"
1.31559184309087e-32,-0.874872512475805,0.646,0.783,2.93376981009263e-28,"CYBA"
0.00144922008634912,-0.877199067744974,0.088,0.128,1,"TOP2B"
0.00571489033410882,-0.878056626692648,0.085,0.119,1,"MRPS12"
0.00180381508682543,-0.881673674306118,0.085,0.125,1,"IER3IP1"
0.0151020491258174,-0.884192112180746,0.107,0.137,1,"LUC7L3"
0.000456562444445342,-0.884214569960918,0.083,0.13,1,"PKN1"
2.88253395248505e-46,-0.884238469198038,0.748,0.873,6.42805071404167e-42,"ARPC2"
0.00045610628586878,-0.884342846416786,0.098,0.147,1,"PTPRE"
6.4564494820482e-05,-0.887015194838143,0.117,0.176,1,"FBXW5"
9.1121173415995e-11,-0.894963602655587,0.251,0.359,2.03200216717669e-06,"TGFB1"
0.00111966219210339,-0.902646622683811,0.09,0.133,1,"MAP2K3"
4.72098306623379e-06,-0.907664513637192,0.157,0.227,0.105277922377013,"PRMT2"
1.71524596052349e-06,-0.909587891270471,0.171,0.244,0.0382499849196737,"TMED9"
3.14541049191662e-08,-0.910934003368843,0.227,0.311,0.000701426539697406,"ARPC5"
0.00203238548141409,-0.91107560858895,0.117,0.157,1,"ITGB1"
0.0138195377225681,-0.912488966132222,0.08,0.108,1,"ARF5"
2.39996387630839e-22,-0.917493652677193,0.467,0.611,5.3519194441677e-18,"LY6E"
0.000116872599191006,-0.918844966711685,0.117,0.173,1,"STK10"
4.33695580200151e-11,-0.923426696255988,0.271,0.377,9.67141143846338e-07,"SYNE2"
8.75961651528126e-29,-0.924512345783373,0.528,0.699,1.95339448290772e-24,"IFITM2"
2.71445192846146e-07,-0.93366322863271,0.219,0.293,0.00605322780046907,"SCP2"
0.000510100576298558,-0.93673280655934,0.091,0.136,1,"SPAG7"
2.27367463690405e-09,-0.941006355497258,0.208,0.31,5.07029444029603e-05,"AKNA"
4.7363554628793e-59,-0.941059789972036,0.799,0.925,1.05620726822208e-54,"SH3BGRL3"
0.00932031998029826,-0.943098491861795,0.08,0.111,1,"MIB2"
6.36359790867422e-05,-0.952324241016512,0.148,0.205,1,"TSEN54"
2.40414156819794e-10,-0.965384471613481,0.246,0.345,5.36123569708141e-06,"CD99.1"
0.000430570259244852,-0.967846578321759,0.088,0.134,1,"TERF1"
0.000123513227426825,-0.969046139289692,0.077,0.128,1,"PLA2G16"
0.000578415438427262,-0.971170350889379,0.101,0.147,1,"TLN1"
2.5850228064416e-17,-0.971711316150918,0.456,0.574,5.76460085836477e-13,"CD3G"
0.00682803931907804,-0.972124445469392,0.077,0.108,1,"RSU1"
3.57543589474231e-07,-0.972439731327125,0.135,0.211,0.00797322204527535,"RASSF1"
0.000838331979779646,-0.973923931745101,0.07,0.111,1,"ATP2B4"
2.13786832447676e-08,-0.977443421226484,0.146,0.238,0.000476744636358317,"A2M"
6.99104439025848e-07,-0.978216652815158,0.142,0.221,0.0155900289902764,"RHOC"
2.91820941167007e-08,-0.982129767378656,0.148,0.237,0.000650760698802425,"CTSC"
0.00334429059587929,-0.988608893143915,0.077,0.113,1,"ABHD17A"
0.00270092440402506,-0.989941450563333,0.072,0.108,1,"MGAT1"
0.000751008454026205,-0.990424548661355,0.096,0.14,1,"SIRT2"
5.66822626756656e-23,-1.00265341333514,0.279,0.476,1.26401445766734e-18,"HLA-DPB1"
1.60699087552504e-05,-1.01028017088563,0.101,0.162,0.358358965242083,"SLC9A3R1"
0.00314244597963677,-1.02476237625106,0.083,0.119,1,"ASNA1"
9.56961816233495e-05,-1.03907024845431,0.1,0.153,1,"SRPK2"
6.92275125769134e-11,-1.05938352743289,0.214,0.316,1.54377353046517e-06,"RAP1B"
4.97962810864004e-05,-1.06865523598777,0.087,0.14,1,"SELPLG"
0.000126196119167518,-1.08723694203473,0.097,0.15,1,"SERPINB9"
2.28797609249646e-07,-1.09101986507281,0.118,0.195,0.00510218668626711,"IQGAP1"
1.55028703756977e-19,-1.0937771389035,0.289,0.446,3.45714009378059e-15,"BIN2"
0.000176048322230407,-1.09386490981796,0.102,0.151,1,"MIEN1"
5.10581331985782e-18,-1.09460670972754,0.287,0.435,1.13859637032829e-13,"PAXX"
3.57751928910957e-17,-1.09667714597584,0.291,0.429,7.97786801471435e-13,"NDUFB7"
4.4577227523548e-08,-1.09884882063035,0.143,0.226,0.000994072173775121,"GLIPR2"
6.44503028272952e-05,-1.09976347687306,0.057,0.105,1,"PA2G4P6"
1.28560873221409e-06,-1.12837544172661,0.112,0.183,0.0286690747283742,"PYHIN1"
0.000296547667117019,-1.13434531075143,0.067,0.111,1,"ZNF276"
8.8819177837652e-34,-1.13885973740072,0.46,0.644,1.98066766577964e-29,"ITGB2"
0.00015159612812905,-1.14071629518013,0.079,0.128,1,"APLP2"
3.87252471017976e-15,-1.14088051364839,0.232,0.362,8.63573010370086e-11,"HMGN3"
6.86800524636122e-23,-1.14744388822738,0.31,0.484,1.53156516993855e-18,"GSTP1"
5.67094651713682e-10,-1.14818077538029,0.17,0.269,1.26462107332151e-05,"CTSD"
0.000132402408831597,-1.16542103201745,0.058,0.104,1,"BPGM"
9.13363951459909e-100,-1.1787641131571,0.63,0.98,2.0368016117556e-95,"CCL5"
8.25325492887247e-12,-1.18086377231037,0.132,0.246,1.84047584913856e-07,"AC004687.1"
0.000179951376370201,-1.1886991327124,0.063,0.108,1,"POP7"
5.2893671655261e-05,-1.18997908533167,0.057,0.105,1,"ZBTB7A"
1.55850852125084e-05,-1.22804573856265,0.06,0.113,0.347547400238937,"DGKZ"
1.03207660098384e-06,-1.23434237565925,0.081,0.148,0.0230153082019396,"STMN1"
1.55229927458884e-16,-1.24129316426172,0.242,0.38,3.4616273823331e-12,"CD247"
2.81013323779565e-25,-1.24764111506958,0.243,0.456,6.26659712028429e-21,"CD8A"
1.70803560176499e-05,-1.24988597777777,0.074,0.13,0.380891939193592,"LNPEP"
1.58931444822964e-11,-1.25064378043686,0.103,0.209,3.5441712195521e-07,"APOBEC3G"
4.68039140379853e-14,-1.26403620995742,0.18,0.307,1.04372728304707e-09,"MYO1F"
5.59842749710439e-07,-1.27160212928525,0.094,0.163,0.0124844933185428,"CD320"
3.64309169798501e-08,-1.27620015784186,0.09,0.171,0.000812409448650658,"APOBEC3C"
9.4830642106798e-06,-1.28114009906293,0.068,0.124,0.21147233189816,"ANKRD28"
4.4929688872056e-23,-1.31026009332229,0.219,0.398,1.00193206184685e-18,"DSTN"
2.51535740664654e-57,-1.3128744092409,0.188,0.531,5.60924701682179e-53,"CCL4"
2.45117015356717e-05,-1.33523082119381,0.052,0.101,0.546610944245479,"HIVEP3"
5.86496259742019e-35,-1.34805659273587,0.291,0.525,1.3078866592247e-30,"C12orf75"
1.97217156129435e-22,-1.34852289623642,0.239,0.409,4.3979425816864e-18,"FLNA"
8.9056007089887e-14,-1.3515298642167,0.125,0.243,1.98594895810448e-09,"SPN"
1.73350722253823e-15,-1.35181850486772,0.139,0.275,3.86572110626025e-11,"APMAP"
2.4480636293005e-80,-1.35447222880502,0.469,0.844,5.45918189334011e-76,"CST7"
1.91493497783526e-14,-1.39862349653739,0.117,0.241,4.27030500057263e-10,"PRKCB"
7.4906189751494e-09,-1.42270941927286,0.068,0.145,0.000167040803145832,"A2MP1"
7.36601346392154e-07,-1.42396986677856,0.049,0.107,0.016426210024545,"AC092139.4"
6.67697467228284e-10,-1.44107861350415,0.078,0.165,1.48896535191907e-05,"PLEK"
1.41333017206969e-07,-1.4421969445708,0.066,0.134,0.00315172628371541,"SAMD3"
2.50689374476517e-08,-1.45409962786827,0.052,0.121,0.000559037305082632,"RAB29"
2.97997655321387e-07,-1.46781116899824,0.175,0.252,0.00664534771366693,"TYROBP"
4.88629319914202e-11,-1.48904068423213,0.082,0.176,1.08964338340867e-06,"C5orf56"
8.58155383256676e-15,-1.53073088620558,0.097,0.218,1.91368650466239e-10,"SYNE1"
1.47527000179812e-12,-1.53314998623761,0.059,0.156,3.28985210400981e-08,"MIR4435-2HG"
1.08881663074464e-53,-1.57171023186425,0.341,0.638,2.42806108656054e-49,"LGALS1"
1.05495432434602e-21,-1.57571127772386,0.163,0.337,2.35254814329162e-17,"CD8B"
9.94822757370674e-08,-1.62208756953285,0.052,0.116,0.0022184547489366,"TSPAN32"
1.82481958249515e-11,-1.62714360411829,0.061,0.151,4.06934766896418e-07,"MIAT"
1.37644424810132e-07,-1.66079420178272,0.05,0.113,0.00306947067326595,"GNPTAB"
4.80442326157076e-11,-1.6968746183958,0.056,0.14,1.07138638733028e-06,"CISD3"
4.00436556237559e-21,-1.73312042350752,0.096,0.249,8.92973520409756e-17,"MATK"
4.06125936309591e-09,-1.77527856199156,0.049,0.119,9.05660837970388e-05,"THEMIS2"
4.77325640307487e-09,-1.78661590617128,0.048,0.118,0.00010644361778857,"ZBTB44"
9.35639131055602e-14,-1.78989236677298,0.076,0.183,2.08647526225399e-09,"TPST2"
1.10265071509332e-76,-1.79736881723649,0.333,0.705,2.45891109465811e-72,"CTSW"
4.87449507185073e-16,-1.83744784564959,0.085,0.206,1.08701240102271e-11,"ITGAL"
2.34974196535986e-30,-1.85739196477356,0.101,0.299,5.2399245827525e-26,"CHST12"
5.5103850304314e-16,-1.87263103577709,0.061,0.174,1.2288158617862e-11,"GTF3C1"
1.07247996529244e-15,-1.8847998354734,0.052,0.159,2.39163032260214e-11,"SERTAD3"
3.75254701429651e-20,-1.89762615462954,0.081,0.221,8.36817984188121e-16,"ZBP1"
1.69817188336446e-08,-1.93741480134544,0.04,0.102,0.000378692329990274,"SSBP3"
3.88788174032214e-14,-1.98833081809943,0.055,0.156,8.66997628091837e-10,"PATL2"
2.0015592138031e-51,-1.99488399213447,0.162,0.461,4.46347704678091e-47,"HOPX"
1.79078923059923e-20,-2.04941223326552,0.081,0.221,3.99345998423628e-16,"EFHD2"
4.92011278944801e-45,-2.05382420592416,0.179,0.453,1.09718515204691e-40,"TRGC2"
5.62379862988036e-30,-2.11909447544403,0.073,0.255,1.25410709446332e-25,"ZEB2"
5.58735930183466e-23,-2.3286780074994,0.039,0.168,1.24598112430913e-18,"CLIC3"
7.41382578775592e-16,-2.43255103953787,0.03,0.122,1.65328315066957e-11,"FGR"
1.40221957048852e-25,-2.45588493356438,0.071,0.232,3.12694964218941e-21,"TRGC1"
1.27368173021742e-20,-2.46041153033505,0.065,0.2,2.84031025838485e-16,"TRDC"
1.68144721515891e-232,-2.5545221431321,0.518,0.998,3.74962728980436e-228,"NKG7"
1.34911446498226e-30,-2.6311988744079,0.038,0.197,3.00852525691044e-26,"FCRL6"
1.21258956447484e-22,-2.87922667535134,0.024,0.137,2.70407472877889e-18,"S1PR5"
3.01980146413619e-123,-3.01411423022036,0.107,0.597,6.7341572650237e-119,"KLRD1"
2.23782204987568e-91,-3.0506570123074,0.101,0.493,4.99034317122276e-87,"PRF1"
3.8052250326159e-26,-3.11261007127207,0.026,0.153,8.48565182273345e-22,"SYNGR1"
1.04845757842118e-28,-3.19998537676087,0.025,0.162,2.33806039987923e-24,"KLRF1"
7.81392689110811e-39,-3.36913171759134,0.022,0.192,1.74250569671711e-34,"C1orf21"
1.95971061991337e-36,-3.44588723271279,0.02,0.179,4.3701546824068e-32,"TTC38"
1.26295485153236e-20,-3.58956002479025,0.012,0.102,2.81638931891717e-16,"LINC02384"
5.39689873170589e-272,-3.81443649672309,0.354,0.995,1.20350841717041e-267,"GNLY"
6.57651317871119e-264,-4.11276295640738,0.123,0.901,1.4665624388526e-259,"GZMH"
8.14537909823189e-26,-4.13085605557473,0.012,0.121,1.81641953890571e-21,"MYOM2"
5.51964579926938e-99,-4.16374233342297,0.045,0.421,1.23088101323707e-94,"SPON2"
7.4590074092624e-69,-4.44222988243195,0.021,0.284,1.66335865226551e-64,"FCGR3A"
1.57061002606948e-57,-4.64813298628343,0.014,0.232,3.50246035813495e-53,"ZNF683"
5.28755525731254e-186,-4.79094405771522,0.072,0.673,1.1791248223807e-181,"GZMB"
1.05728686937658e-49,-5.17194430262745,0.009,0.192,2.35774971870977e-45,"ASCL2"
4.07466440250138e-271,-5.20093671433103,0.07,0.849,9.08650161757808e-267,"FGFBP2"
7.82838075731724e-61,-5.27110387987146,0.01,0.231,1.74572890888175e-56,"ADGRG1"
1.29274480119894e-74,-5.99771221354898,0.007,0.266,2.88282090667364e-70,"PRSS23"
