"p_val","avg_log2FC","pct.1","pct.2","p_val_adj","cluster","gene","pct_diff"
0,4.43270058123984,0.921,0.126,0,"0","FCN1",0.795
0,6.20806705577481,0.907,0.117,0,"0","S100A12",0.79
0,4.28979577385546,0.853,0.092,0,"0","CSTA",0.761
0,3.11224719368826,0.957,0.221,0,"0","CST3",0.736
0,5.72377045330385,0.765,0.044,0,"0","VCAN",0.721
0,2.68351550316594,0.923,0.207,0,"0","LST1",0.716
0,4.23664457950842,0.769,0.078,0,"0","CLEC7A",0.691
0,3.82296479757864,0.794,0.128,0,"0","NAMPT",0.666
0,3.11784898314757,0.977,0.311,0,"0","TYROBP",0.666
0,2.76921651064167,0.878,0.223,0,"0","AIF1",0.655
1.26126612604264e-260,1.47469107356172,0.938,0.457,2.81262346107508e-256,"1","IL32",0.481
8.8430809410509e-203,1.48732732712943,0.816,0.355,1.97200704985435e-198,"1","TRAC",0.461
1.02786044458402e-223,2.28362881895568,0.719,0.286,2.29212879142237e-219,"1","DUSP2",0.433
5.34679827845649e-140,1.03253630963847,0.824,0.41,1.1923360160958e-135,"1","CD3D",0.414
1.40963784148285e-130,1.15097227863707,0.742,0.344,3.14349238650676e-126,"1","CD3E",0.398
2.2738785783002e-176,2.19098211800598,0.519,0.152,5.07074922960944e-172,"1","IL7R",0.367
1.80732645489397e-153,1.76308618892941,0.646,0.286,4.03033799441356e-149,"1","DNAJB1",0.36
1.27811427445215e-144,1.92579119685963,0.504,0.166,2.85019483202829e-140,"1","PIK3R1",0.338
3.78350487285778e-129,1.47645483294085,0.72,0.382,8.43721586647285e-125,"1","LTB",0.338
9.18831952627089e-89,0.871172298002929,0.63,0.297,2.04899525435841e-84,"1","CCL5",0.333
2.23135192901093e-166,1.07412041428931,0.834,0.357,4.97591480169438e-162,"2","LTB",0.477
2.16264649198169e-115,0.953035137893718,0.785,0.37,4.82270167711917e-111,"2","TRAC",0.415
3.1042317457715e-116,1.02464372571203,0.752,0.347,6.92243679307045e-112,"2","CD3E",0.405
6.54554865590636e-170,1.29041913401376,0.835,0.431,1.45965735026712e-165,"2","LDHB",0.404
5.60070325878878e-154,1.27317904767678,0.812,0.413,1.2489568267099e-149,"2","LEPROTL1",0.399
7.27270254827112e-58,0.471217675393846,0.774,0.43,1.62181266826446e-53,"2","CD3D",0.344
2.14854204117063e-99,1.09979765586933,0.718,0.389,4.79124875181051e-95,"2","C6orf48",0.329
2.20103411717326e-150,2.13743601978515,0.438,0.114,4.90830608129638e-146,"2","RCAN3",0.324
1.88937272465329e-76,0.652250711341587,0.616,0.294,4.21330117597683e-72,"2","CD7",0.322
8.0317552037429e-94,1.20403791507105,0.622,0.308,1.79108141043467e-89,"2","FOXP1",0.314
0,4.04161876598496,0.901,0.112,0,"3","GZMH",0.789
0,3.05358310896564,0.849,0.114,0,"3","FGFBP2",0.735
0,2.37768882127896,0.98,0.291,0,"3","CCL5",0.689
0,2.48362749560392,0.998,0.362,0,"3","NKG7",0.636
0,2.41922784785269,0.995,0.383,0,"3","GNLY",0.612
5.85707965136309e-239,2.08991634290349,0.844,0.25,1.30612876225397e-234,"3","CST7",0.594
1.3644249771123e-236,2.01029580819649,0.673,0.133,3.04266769896042e-232,"3","GZMB",0.54
2.27495360916959e-185,1.77428333588144,0.753,0.216,5.07314654844819e-181,"3","GZMA",0.537
8.12989089264687e-245,2.66401525405234,0.597,0.097,1.81296566906025e-240,"3","KLRD1",0.5
2.81551135427848e-174,2.03355349820363,0.705,0.221,6.27859032004101e-170,"3","CTSW",0.484
0,3.81791745358547,0.911,0.142,0,"4","GZMB",0.769
0,4.47882034473685,0.748,0.082,0,"4","SPON2",0.666
0,5.2399975803536,0.7,0.034,0,"4","KLRF1",0.666
3.18475846229977e-311,3.98555766416903,0.763,0.105,7.1020113709285e-307,"4","PRF1",0.658
6.20104634828284e-213,2.63116036446206,0.926,0.273,1.38283333566707e-208,"4","CST7",0.653
7.74639733293509e-247,3.24868607271331,0.799,0.154,1.72744660524453e-242,"4","FGFBP2",0.645
0,5.92608111966242,0.667,0.027,0,"4","MYOM2",0.64
9.32102620113643e-185,2.37181890587368,0.855,0.233,2.07858884285342e-180,"4","KLRB1",0.622
1.37747071508934e-195,2.69893361391104,0.85,0.236,3.07175969464923e-191,"4","GZMA",0.614
2.81677726846116e-252,3.20224671148997,0.725,0.112,6.28141330866838e-248,"4","KLRD1",0.613
0,7.37015817770257,0.898,0.025,0,"5","CD79A",0.873
0,6.98822727140897,0.883,0.077,0,"5","IGHM",0.806
0,6.35048421441069,0.808,0.038,0,"5","TNFRSF13C",0.77
0,8.31451946251313,0.569,0.008,0,"5","IGHD",0.561
0,6.4239425397648,0.575,0.014,0,"5","MS4A1",0.561
0,7.49865526875914,0.557,0.006,0,"5","LINC00926",0.551
5.47805092931533e-171,2.61720598270992,0.97,0.431,1.22160535723732e-166,"5","HLA-DRA",0.539
2.52800975766016e-141,2.30229144509648,0.901,0.373,5.63746175958215e-137,"5","HLA-DPB1",0.528
9.95029440690072e-242,4.2363366171713,0.572,0.057,2.21891565273886e-237,"5","BCL11A",0.515
3.33717630729556e-273,5.18871693702203,0.56,0.047,7.44190316526909e-269,"5","CD79B",0.513
6.04799812404268e-106,3.2427088298298,0.639,0.097,1.34870358166152e-101,"6","STMN1",0.542
5.86721754944169e-201,4.49651274530447,0.566,0.038,1.3083895135255e-196,"6","AC084033.3",0.528
0,6.56686388747709,0.512,0.009,0,"6","PRSS57",0.503
1.17288538323577e-48,1.91929873575293,0.741,0.249,2.61553440461577e-44,"6","SERPINB1",0.492
8.16172230753567e-46,1.92078608565004,0.687,0.21,1.82006407458045e-41,"6","NAA38",0.477
1.67151141905244e-257,7.12668454054156,0.488,0.018,3.72747046448695e-253,"6","AZU1",0.47
6.88015062974242e-159,4.52125851293656,0.494,0.036,1.53427359043256e-154,"6","CLEC11A",0.458
1.43161418735836e-38,1.59581614051667,0.759,0.304,3.19249963780914e-34,"6","TXN",0.455
2.52304990773306e-27,1.26860819993394,0.867,0.415,5.62640129424472e-23,"6","GPX1",0.452
2.21429468741426e-180,7.20853173078664,0.476,0.03,4.9378771529338e-176,"6","MPO",0.446
4.23595664451997e-42,1.5785203008895,0.843,0.397,9.44618331727953e-38,"6","ENO1",0.446
9.17813430503134e-233,4.0051540618533,0.985,0.102,2.04672395002199e-228,"7","FCGR3A",0.883
1.41202126692719e-148,3.20175388192309,0.978,0.169,3.14880742524763e-144,"7","SERPINA1",0.809
8.4884895654061e-279,4.30023859896062,0.846,0.053,1.89293317308556e-274,"7","MS4A7",0.793
7.14353222825187e-134,3.6886894729402,0.949,0.178,1.59300768690017e-129,"7","IFITM3",0.771
5.25147154511069e-116,2.96551373343746,0.993,0.239,1.17107815455968e-111,"7","CFD",0.754
7.05232564437104e-170,3.44957361630277,0.838,0.093,1.57266861869474e-165,"7","SMIM25",0.745
9.74536230718242e-126,2.93202739258082,0.853,0.128,2.17321579450168e-121,"7","BID",0.725
2.51683789662537e-92,2.1986166371873,0.897,0.181,5.61254850947457e-88,"7","HLA-DRB5",0.716
2.3673378209873e-119,2.90533308989428,0.838,0.132,5.27916334080167e-115,"7","RHOC",0.706
3.94009498426866e-108,2.70834214338878,0.86,0.155,8.78641181491911e-104,"7","LYN",0.705
9.65654198869794e-280,6.9554015756205,0.992,0.078,2.15340886347964e-275,"8","AHSP",0.914
0,7.98899506801366,0.89,0.011,0,"8","ALAS2",0.879
0,6.60388203157142,0.89,0.028,0,"8","SNCA",0.862
0,5.99243114258328,0.881,0.021,0,"8","FECH",0.86
0,8.00342359096115,0.89,0.039,0,"8","HBM",0.851
1.74404806968079e-202,6.76538415022697,0.89,0.086,3.88922719538817e-198,"8","CA1",0.804
1.77559885897233e-200,4.9113264607393,0.873,0.083,3.9595854555083e-196,"8","SLC25A37",0.79
7.32079112120862e-160,7.70696089533382,0.924,0.136,1.63253642002952e-155,"8","HBD",0.788
0,7.26461895295917,0.797,0.011,0,"8","SLC4A1",0.786
1.88073747849384e-133,4.06680849424462,0.966,0.18,4.19404457704126e-129,"8","BLVRB",0.786
2.63013804608659e-148,4.6240988196394,0.973,0.096,5.86520784277309e-144,"9","HLA-DQA1",0.877
1.53417222953452e-148,3.80482905039064,0.96,0.084,3.42120407186197e-144,"9","NAPSB",0.876
0,6.92164296088463,0.893,0.018,0,"9","FCER1A",0.875
1.34577443997385e-110,2.70192114943739,0.947,0.097,3.00107700114168e-106,"9","HLA-DMB",0.85
4.35279173164055e-95,3.43003962632696,0.973,0.152,9.70672556155842e-91,"9","HLA-DQB1",0.821
2.5680677954038e-86,3.3173457733411,1,0.187,5.72679118375046e-82,"9","HLA-DRB5",0.813
1.08692907452022e-191,4.09528225794168,0.84,0.046,2.42385183618008e-187,"9","HLA-DQA2",0.794
4.27767213274463e-73,2.71817974005187,0.973,0.186,9.53920885602053e-69,"9","HLA-DMA",0.787
2.39458737699888e-76,2.32048690700656,0.867,0.114,5.3399298507075e-72,"9","LY86",0.753
0,6.66152582342068,0.76,0.012,0,"9","CLEC10A",0.748
7.88316109110199e-127,5.65542661051321,1,0.045,1.75794492331574e-122,"10","JCHAIN",0.955
6.95714576172661e-86,5.56516263858851,0.964,0.065,1.55144350486503e-81,"10","ITM2C",0.899
0,9.16350525072176,0.893,0.001,0,"10","LILRA4",0.892
2.50338444032621e-66,4.32188620422878,0.964,0.083,5.58254730192744e-62,"10","BCL11A",0.881
3.55033187417179e-170,6.5836527193607,0.893,0.025,7.91724007940309e-166,"10","PLD4",0.868
5.99637533059404e-127,5.85103609441324,0.893,0.035,1.33719169872247e-122,"10","CCDC50",0.858
7.19656663758517e-72,4.92476419907748,0.929,0.072,1.60483436018149e-67,"10","IRF8",0.857
1.28780636714112e-118,5.32949611652186,0.893,0.037,2.87180819872469e-114,"10","TCF4",0.856
4.23145575844041e-79,4.92021921222016,0.893,0.058,9.43614634132213e-75,"10","APP",0.835
9.72774557693437e-50,3.89518206057126,0.893,0.09,2.16928726365636e-45,"10","RNASE6",0.803
