"p_val","avg_log2FC","pct.1","pct.2","p_val_adj","cluster","gene"
6.26435462029261e-262,6.44386634349113,0.292,0.008,1.39695108032525e-257,"0","CYP1B1"
0,6.20806705577481,0.907,0.117,0,"0","S100A12"
0,5.72377045330385,0.765,0.044,0,"0","VCAN"
0,5.58181768321231,0.621,0.043,0,"0","THBS1"
0,5.5571874362918,0.999,0.548,0,"0","S100A9"
0,5.43400554948689,0.405,0.018,0,"0","AC245128.3"
0,5.3950391861118,0.995,0.434,0,"0","S100A8"
0,5.39295874851772,0.656,0.043,0,"0","CD14"
2.81455780567463e-306,5.24678950114877,0.371,0.02,6.27646390665442e-302,"0","RBP7"
0,5.1820003341118,0.525,0.033,0,"0","CSF3R"
7.62333302175889e-93,2.30417047189556,0.413,0.166,1.70000326385223e-88,"1","RGS1"
1.02786044458402e-223,2.28362881895568,0.719,0.286,2.29212879142237e-219,"1","DUSP2"
2.2738785783002e-176,2.19098211800598,0.519,0.152,5.07074922960944e-172,"1","IL7R"
2.06644284973598e-91,2.14482321691246,0.277,0.07,4.60816755491122e-87,"1","LINC00513"
4.83998247880234e-89,2.09298964089536,0.31,0.092,1.07931609277292e-84,"1","AC016831.1"
1.27811427445215e-144,1.92579119685963,0.504,0.166,2.85019483202829e-140,"1","PIK3R1"
2.89731935946956e-59,1.90723945153707,0.263,0.094,6.46102217161713e-55,"1","LMNA"
0,1.81292288563738,0.962,0.647,0,"1","ZFP36L2"
5.69275012404254e-102,1.79075632937972,0.464,0.184,1.26948327766149e-97,"1","TUBA4A"
3.51721531907994e-77,1.7901737632599,0.317,0.105,7.84339016154827e-73,"1","AC016831.5"
1.30206604093364e-131,2.56550808698152,0.293,0.052,2.90360727128203e-127,"2","CCR7"
1.70162971453796e-141,2.52256237564634,0.32,0.058,3.79463426341964e-137,"2","ITPKB-IT1"
3.81782799956076e-99,2.33852491652427,0.264,0.057,8.51375643902049e-95,"2","SH3YL1"
9.87367041452985e-116,2.25190520380807,0.33,0.08,2.20182850244016e-111,"2","SERINC5"
2.20103411717326e-150,2.13743601978515,0.438,0.114,4.90830608129638e-146,"2","RCAN3"
6.1016839221355e-75,2.0330211928732,0.251,0.068,1.36067551463622e-70,"2","CAMK4"
1.8491097444802e-118,1.74634193901554,0.473,0.159,4.12351473019084e-114,"2","PIK3IP1"
2.73195952655372e-95,1.65767113343207,0.389,0.125,6.09226974421479e-91,"2","BCL11B"
6.41806766685208e-90,1.50142843900654,0.453,0.178,1.43122908970801e-85,"2","NOSIP"
6.54554865590636e-170,1.29041913401376,0.835,0.431,1.45965735026712e-165,"2","LDHB"
0,4.04161876598496,0.901,0.112,0,"3","GZMH"
3.93925318577625e-214,3.67097494374681,0.453,0.063,8.78453460428103e-210,"3","TRGC2"
0,3.05358310896564,0.849,0.114,0,"3","FGFBP2"
2.2482865251984e-123,2.81448681253758,0.266,0.033,5.01367895119242e-119,"3","PRSS23"
8.12989089264687e-245,2.66401525405234,0.597,0.097,1.81296566906025e-240,"3","KLRD1"
0,2.48362749560392,0.998,0.362,0,"3","NKG7"
3.50945570891936e-113,2.46062579368537,0.456,0.129,7.82608623089018e-109,"3","CD8A"
0,2.41922784785269,0.995,0.383,0,"3","GNLY"
0,2.37768882127896,0.98,0.291,0,"3","CCL5"
1.33693913139954e-86,2.24108363034019,0.339,0.086,2.98137426302098e-82,"3","LINC01871"
0,6.00031443529249,0.478,0.014,0,"4","B3GNT7"
0,5.92608111966242,0.667,0.027,0,"4","MYOM2"
8.14367594558123e-198,5.36323486733716,0.277,0.012,1.81603973586461e-193,"4","KLRC1"
0,5.2399975803536,0.7,0.034,0,"4","KLRF1"
2.15627638715315e-292,4.73253871893477,0.524,0.04,4.80849634335153e-288,"4","CLIC3"
0,4.47882034473685,0.748,0.082,0,"4","SPON2"
4.68863485334375e-135,4.28756543573364,0.341,0.041,1.04556557229566e-130,"4","IGFBP7"
3.31849722401734e-190,4.0257441109244,0.461,0.054,7.40024880955868e-186,"4","IL2RB"
1.79471134368008e-127,4.00627065498722,0.277,0.026,4.00220629640658e-123,"4","S1PR5"
3.18475846229977e-311,3.98555766416903,0.763,0.105,7.1020113709285e-307,"4","PRF1"
0,8.31451946251313,0.569,0.008,0,"5","IGHD"
0,7.93850707220483,0.35,0.002,0,"5","TCL1A"
0,7.8126172957102,0.392,0.004,0,"5","VPREB3"
0,7.49865526875914,0.557,0.006,0,"5","LINC00926"
0,7.37015817770257,0.898,0.025,0,"5","CD79A"
1.22260313705325e-101,7.04734420668886,0.419,0.08,2.72640499562875e-97,"5","IGLC3"
0,6.98822727140897,0.883,0.077,0,"5","IGHM"
1.38395244245138e-64,6.97513815943273,0.482,0.167,3.08621394666657e-60,"5","IGLC2"
0,6.4239425397648,0.575,0.014,0,"5","MS4A1"
0,6.35048421441069,0.808,0.038,0,"5","TNFRSF13C"
2.57977885496385e-143,8.66151234580778,0.265,0.009,5.75290684656938e-139,"6","PRTN3"
4.59277032332001e-200,7.60892164250436,0.307,0.007,1.02418778210036e-195,"6","CTSG"
6.40363016250754e-165,7.45995955560499,0.349,0.015,1.42800952623918e-160,"6","ELANE"
2.21429468741426e-180,7.20853173078664,0.476,0.03,4.9378771529338e-176,"6","MPO"
1.67151141905244e-257,7.12668454054156,0.488,0.018,3.72747046448695e-253,"6","AZU1"
0,6.56686388747709,0.512,0.009,0,"6","PRSS57"
1.97426228328623e-238,6.43738207378762,0.271,0.003,4.40260489172829e-234,"6","SMIM24"
1.28957271731293e-244,6.20418867018896,0.253,0.002,2.87574715960784e-240,"6","MSRB3"
1.20199394474304e-205,5.38749808370272,0.283,0.005,2.68044649677698e-201,"6","CYTL1"
9.49329188223878e-129,4.90384352139856,0.313,0.017,2.11700408973925e-124,"6","SPINK2"
1.26470076062428e-287,7.75708566180364,0.287,0.001,2.82028269619216e-283,"7","CKB"
2.63306588554315e-195,6.91135764294734,0.25,0.003,5.87173692476123e-191,"7","VMO1"
0,6.79784067711403,0.574,0.005,0,"7","CDKN1C"
2.35439313122355e-243,6.75018192460746,0.324,0.005,5.25029668262851e-239,"7","C1QA"
2.15385262680909e-134,5.07316890304802,0.257,0.008,4.80309135778428e-130,"7","MS4A4A"
4.66900827767948e-223,5.06247015631085,0.449,0.015,1.04118884592252e-218,"7","PAPSS2"
2.05066852238895e-165,5.01459642285865,0.257,0.005,4.57299080492736e-161,"7","HES4"
2.0538540717311e-239,5.00951143895277,0.449,0.013,4.58009457996035e-235,"7","ZNF703"
2.08917588661837e-182,4.97870607001171,0.316,0.008,4.65886222715896e-178,"7","SIGLEC10"
1.1508240837524e-295,4.7333907104584,0.647,0.025,2.56633770676786e-291,"7","CSF1R"
3.13030249088484e-95,9.26947078836413,0.966,0.345,6.98057455467319e-91,"8","HBA1"
4.99994433591342e-321,9.0165804187687,0.28,0,1.11498758690869e-316,"8","TSPO2"
0,8.79694655062094,0.441,0.001,0,"8","IFIT1B"
0,8.77862371922536,0.339,0.001,0,"8","LINC00570"
2.11446685699048e-71,8.49135170267463,0.975,0.74,4.71526109108878e-67,"8","HBA2"
1.70555837883549e-75,8.2153022928961,1,0.932,3.80339518480313e-71,"8","HBB"
0,8.00342359096115,0.89,0.039,0,"8","HBM"
0,7.98899506801366,0.89,0.011,0,"8","ALAS2"
0,7.8900199310366,0.542,0.008,0,"8","GYPA"
0,7.88446175132331,0.339,0.001,0,"8","RHCE"
0,8.487249973711,0.347,0.001,0,"9","ENHO"
0,6.92164296088463,0.893,0.018,0,"9","FCER1A"
0,6.66152582342068,0.76,0.012,0,"9","CLEC10A"
0,6.33068731492871,0.6,0.009,0,"9","CD1C"
1.62619080714311e-183,4.9525429714948,0.307,0.004,3.62640549992913e-179,"9","HLA-DPB2"
2.63013804608659e-148,4.6240988196394,0.973,0.096,5.86520784277309e-144,"9","HLA-DQA1"
2.36572130832628e-138,4.15516475285615,0.387,0.012,5.2755585175676e-134,"9","NDRG2"
1.08692907452022e-191,4.09528225794168,0.84,0.046,2.42385183618008e-187,"9","HLA-DQA2"
5.23107268223153e-111,4.09052034580891,0.293,0.008,1.16652920813763e-106,"9","ZNF503"
1.12933541229269e-75,3.91082530302875,0.267,0.011,2.5184179694127e-71,"9","AC004817.3"
0,10.4875951786467,0.714,0.001,0,"10","SCT"
0,9.93169691401381,0.321,0,0,"10","SHD"
0,9.59079092307554,0.643,0.001,0,"10","NRP1"
0,9.16350525072176,0.893,0.001,0,"10","LILRA4"
0,8.78159704450358,0.5,0.001,0,"10","CLEC4C"
0,8.46815528300499,0.536,0.002,0,"10","AC119428.2"
0,8.3022693248187,0.75,0.006,0,"10","SERPINF1"
6.42912502241115e-135,7.91509662624364,0.25,0.002,1.43369487999769e-130,"10","SCN9A"
5.48312571638906e-285,7.82319909381665,0.464,0.002,1.22273703475476e-280,"10","PPP1R14BP2"
8.16221827585009e-253,7.40199821036806,0.393,0.002,1.82017467551457e-248,"10","IL3RA"
